pr_auc,roc_auc,precision_pos,recall_pos,f1_pos,f1_macro,f1_weighted,repeat,n_pos_test,model,model_key,strategy
0.004909734865872839,0.640965598844661,0.0,0.0,0.0,0.49932970785380043,0.9959854261636732,0,53,Logistic Regression,logistic,none
0.004537610100208869,0.6391964621088377,0.0,0.0,0.0,0.49932970785380043,0.9959854261636732,1,53,Logistic Regression,logistic,none
0.0054197023860847945,0.6427720107467172,0.0,0.0,0.0,0.49932970785380043,0.9959854261636732,2,53,Logistic Regression,logistic,none
0.005994441533705383,0.6236776203857697,0.0,0.0,0.0,0.49932967394328787,0.9959852234265146,3,53,Logistic Regression,logistic,none
0.0045580340874104425,0.5959740781097667,0.0,0.0,0.0,0.49932967394328787,0.9959852234265146,4,53,Logistic Regression,logistic,none
0.003938109409377028,0.581171453339616,0.0,0.0,0.0,0.49932970785380043,0.9959854261636732,5,53,Logistic Regression,logistic,none
0.005774630270079609,0.6618750555543342,0.0,0.0,0.0,0.49932970785380043,0.9959854261636732,6,53,Logistic Regression,logistic,none
0.0055459819379276454,0.6390473614439061,0.0,0.0,0.0,0.49932970785380043,0.9959854261636732,7,53,Logistic Regression,logistic,none
0.005101807259541787,0.6371441952935328,0.0,0.0,0.0,0.49932967394328787,0.9959852234265146,8,53,Logistic Regression,logistic,none
0.0050002126625733265,0.590716101775917,0.0,0.0,0.0,0.49932967394328787,0.9959852234265146,9,53,Logistic Regression,logistic,none
0.0053330389476722645,0.5751204513544744,0.0,0.0,0.0,0.49932970785380043,0.9959854261636732,10,53,Logistic Regression,logistic,none
0.0052331567981291575,0.6115526253664196,0.0,0.0,0.0,0.49932970785380043,0.9959854261636732,11,53,Logistic Regression,logistic,none
0.005657719128042431,0.68250924949798,0.0,0.0,0.0,0.49930437862039306,0.9959349033389087,12,53,Logistic Regression,logistic,none
0.0047943134674922365,0.5942077192177553,0.0,0.0,0.0,0.49932967394328787,0.9959852234265146,13,53,Logistic Regression,logistic,none
0.004525770072502239,0.6495803941809563,0.0,0.0,0.0,0.49932967394328787,0.9959852234265146,14,53,Logistic Regression,logistic,none
0.0059431821160055255,0.6309691638797905,0.0,0.0,0.0,0.49932970785380043,0.9959854261636732,15,53,Logistic Regression,logistic,none
0.005259188261020301,0.6317643674260924,0.0,0.0,0.0,0.49932970785380043,0.9959854261636732,16,53,Logistic Regression,logistic,none
0.0061397145237223,0.6405632182040443,0.0,0.0,0.0,0.49932970785380043,0.9959854261636732,17,53,Logistic Regression,logistic,none
0.0037686200422353436,0.5745894744891132,0.0,0.0,0.0,0.49932967394328787,0.9959852234265146,18,53,Logistic Regression,logistic,none
0.003824651964688151,0.5966269044751582,0.0,0.0,0.0,0.49932967394328787,0.9959852234265146,19,53,Logistic Regression,logistic,none
0.0037604689129700293,0.5934789486109266,0.0,0.0,0.0,0.49932970785380043,0.9959854261636732,20,53,Logistic Regression,logistic,none
0.005202457022815604,0.6186196145747811,0.0,0.0,0.0,0.49932970785380043,0.9959854261636732,21,53,Logistic Regression,logistic,none
0.005885380259557673,0.6352366925267114,0.0,0.0,0.0,0.49932970785380043,0.9959854261636732,22,53,Logistic Regression,logistic,none
0.005299916623035514,0.6402668654776242,0.0,0.0,0.0,0.49932967394328787,0.9959852234265146,23,53,Logistic Regression,logistic,none
0.005800143347006685,0.6459893712603468,0.0,0.0,0.0,0.49932967394328787,0.9959852234265146,24,53,Logistic Regression,logistic,none
0.006633167410625094,0.6931135564044948,0.0,0.0,0.0,0.49932970785380043,0.9959854261636732,25,53,Logistic Regression,logistic,none
0.004391035579321103,0.5802099452055056,0.0,0.0,0.0,0.49932970785380043,0.9959854261636732,26,53,Logistic Regression,logistic,none
0.005647285049648518,0.6437889537434303,0.0,0.0,0.0,0.49932970785380043,0.9959854261636732,27,53,Logistic Regression,logistic,none
0.004606239514797377,0.5883858079562616,0.0,0.0,0.0,0.49932967394328787,0.9959852234265146,28,53,Logistic Regression,logistic,none
0.004029261545403343,0.6065970828315268,0.0,0.0,0.0,0.49932967394328787,0.9959852234265146,29,53,Logistic Regression,logistic,none
0.00429005081924436,0.5929618751511316,0.0,0.0,0.0,0.49932970785380043,0.9959854261636732,30,53,Logistic Regression,logistic,none
0.0035822899903450215,0.5731085481513907,0.0,0.0,0.0,0.49932970785380043,0.9959854261636732,31,53,Logistic Regression,logistic,none
0.004853234950287392,0.6373164556478089,0.0,0.0,0.0,0.49932970785380043,0.9959854261636732,32,53,Logistic Regression,logistic,none
0.004189985863750402,0.5839660874385885,0.0,0.0,0.0,0.49932967394328787,0.9959852234265146,33,53,Logistic Regression,logistic,none
0.006206440565107583,0.6731471392250197,0.0,0.0,0.0,0.49932967394328787,0.9959852234265146,34,53,Logistic Regression,logistic,none
0.0042932035053529225,0.579038166902902,0.0,0.0,0.0,0.49932970785380043,0.9959854261636732,35,53,Logistic Regression,logistic,none
0.00501462996512567,0.6410458838180857,0.0,0.0,0.0,0.49932970785380043,0.9959854261636732,36,53,Logistic Regression,logistic,none
0.004460653143684874,0.6030452855038789,0.0,0.0,0.0,0.49932970785380043,0.9959854261636732,37,53,Logistic Regression,logistic,none
0.004694865316020363,0.6088002523369846,0.0,0.0,0.0,0.49932967394328787,0.9959852234265146,38,53,Logistic Regression,logistic,none
0.005680823889751612,0.6793915237712909,0.0,0.0,0.0,0.49932967394328787,0.9959852234265146,39,53,Logistic Regression,logistic,none
0.004459209081264948,0.612738262384674,0.0,0.0,0.0,0.49932970785380043,0.9959854261636732,40,53,Logistic Regression,logistic,none
0.004209263968427881,0.5980494574551766,0.0,0.0,0.0,0.49932970785380043,0.9959854261636732,41,53,Logistic Regression,logistic,none
0.006553610400131032,0.6356084884155474,0.0,0.0,0.0,0.49932970785380043,0.9959854261636732,42,53,Logistic Regression,logistic,none
0.003719719675512812,0.5630144711437365,0.0,0.0,0.0,0.49932967394328787,0.9959852234265146,43,53,Logistic Regression,logistic,none
0.005427101944233708,0.6648353118846897,0.0,0.0,0.0,0.49932967394328787,0.9959852234265146,44,53,Logistic Regression,logistic,none
0.005812582056821214,0.653098187566725,0.0,0.0,0.0,0.49932970785380043,0.9959854261636732,45,53,Logistic Regression,logistic,none
0.005210351147773542,0.6101610191603912,0.0,0.0,0.0,0.49932970785380043,0.9959854261636732,46,53,Logistic Regression,logistic,none
0.005567671803880141,0.6015117469341176,0.0,0.0,0.0,0.49932970785380043,0.9959854261636732,47,53,Logistic Regression,logistic,none
0.005076458331485957,0.6717038481390147,0.0,0.0,0.0,0.49932967394328787,0.9959852234265146,48,53,Logistic Regression,logistic,none
0.0038215766700495715,0.573057291965361,0.0,0.0,0.0,0.49932967394328787,0.9959852234265146,49,53,Logistic Regression,logistic,none
0.004676913893389098,0.642253981513429,0.004547454892181312,0.5849056603773585,0.009024745269286753,0.40047178335657013,0.7898225606558746,0,53,Logistic Regression,logistic,class_weight
0.004335776368260068,0.6494002999217221,0.004569936347315162,0.5283018867924528,0.009061488673139158,0.4128760508499795,0.8145281221916807,1,53,Logistic Regression,logistic,class_weight
0.005530146022582873,0.651306112267066,0.0043919846280538015,0.6037735849056604,0.008720534132715629,0.3915660718975154,0.7723614112687075,2,53,Logistic Regression,logistic,class_weight
0.005662879290629319,0.6248303416107511,0.004295259306395164,0.5094339622641509,0.008518693800283956,0.4097395406018293,0.8088116777706276,3,53,Logistic Regression,logistic,class_weight
0.0040638783638216915,0.5795979813041234,0.003865182436611008,0.4716981132075472,0.007667535654040792,0.4059810534764987,0.8021614316592264,4,53,Logistic Regression,logistic,class_weight
0.0038338587719119166,0.5950550191011332,0.004104183109707972,0.49056603773584906,0.008140262993112084,0.4086484447495681,0.8070118418608697,5,53,Logistic Regression,logistic,class_weight
0.005581411120600461,0.6846530494431186,0.004789864029666254,0.5849056603773585,0.00950191570881226,0.4070133054937613,0.8023959589284423,6,53,Logistic Regression,logistic,class_weight
0.0052102326960129135,0.6454902305612398,0.0047706986765158515,0.5849056603773585,0.009464203938330026,0.4065240322291765,0.8014575423529607,7,53,Logistic Regression,logistic,class_weight
0.005225629275397265,0.6384211733669782,0.004151100041511001,0.5660377358490566,0.008241758241758242,0.392376930628339,0.7744548944930697,8,53,Logistic Regression,logistic,class_weight
0.004457996750827142,0.5840463764791344,0.003898939488459139,0.4716981132075472,0.007733952049497293,0.4070250932313548,0.804177859181298,9,53,Logistic Regression,logistic,class_weight
0.004680180663738627,0.5818366716908494,0.003924646781789639,0.4716981132075472,0.0077845243655612646,0.40781205714735175,0.8056973792352516,10,53,Logistic Regression,logistic,class_weight
0.004752906233721535,0.6299321496397212,0.004284869976359338,0.5471698113207547,0.008503152030494062,0.4010532362221625,0.7915011526395399,11,53,Logistic Regression,logistic,class_weight
0.005101687370080347,0.6604490415025525,0.005095541401273885,0.6037735849056604,0.010105795041844308,0.4107963947393855,0.8093412329148524,12,53,Logistic Regression,logistic,class_weight
0.004479171975554228,0.6053181931142588,0.003861003861003861,0.49056603773584906,0.007661706203035214,0.4011600399669708,0.792551021466016,13,53,Logistic Regression,logistic,class_weight
0.004613651130346064,0.6609154862266062,0.004259850905218318,0.5283018867924528,0.008451554482342288,0.4045595151052488,0.7985461477927221,14,53,Logistic Regression,logistic,class_weight
0.006240748473064588,0.6560629969424806,0.00485133020344288,0.5849056603773585,0.009622846500077603,0.4085525606764983,0.8053459431512568,15,53,Logistic Regression,logistic,class_weight
0.004623772437187709,0.628106622267802,0.00464200309466873,0.6226415094339622,0.009215302987992181,0.3951892835176808,0.7790963123480592,16,53,Logistic Regression,logistic,class_weight
0.005355289321713323,0.6426726103034294,0.005087881591119334,0.6226415094339622,0.010093286435234746,0.40711629736751603,0.8020131872955121,17,53,Logistic Regression,logistic,class_weight
0.0036023492099643826,0.5729177419663168,0.0035168195718654435,0.4339622641509434,0.006977096920976793,0.40427053251771267,0.799436291452333,18,53,Logistic Regression,logistic,class_weight
0.003501213099164578,0.5739806159316396,0.0034898477157360407,0.41509433962264153,0.006921503854019191,0.40846842594669125,0.807864892133648,19,53,Logistic Regression,logistic,class_weight
0.003500759354850287,0.5664965071257693,0.0038650215549279024,0.49056603773584906,0.007669616519174041,0.4012988414222303,0.7928201195818428,20,53,Logistic Regression,logistic,class_weight
0.0050342647759325995,0.6262208811658143,0.004078188721698776,0.5471698113207547,0.00809603573422669,0.394468693909551,0.7787722654037303,21,53,Logistic Regression,logistic,class_weight
0.00544941258548861,0.6474935318028852,0.004133496631965708,0.5094339622641509,0.008200455580865604,0.4051546773859241,0.7999831465633512,22,53,Logistic Regression,logistic,class_weight
0.005103127806150671,0.627165414539963,0.004603174603174603,0.5471698113207547,0.009129545096804659,0.40985469521563067,0.8084337903699441,23,53,Logistic Regression,logistic,class_weight
0.005070395815619168,0.6560656458488654,0.004688546550569324,0.5283018867924528,0.009294605809128631,0.4157196785787099,0.8199681708545016,24,53,Logistic Regression,logistic,class_weight
0.006434549201214859,0.6856164691242153,0.005089058524173028,0.6792452830188679,0.010102427388803143,0.3963823495189295,0.780593681584097,25,53,Logistic Regression,logistic,class_weight
0.004206644185883473,0.5896787932021565,0.003927844050043643,0.5094339622641509,0.007795582503248159,0.39868055969104726,0.7874722860158623,26,53,Logistic Regression,logistic,class_weight
0.0051230409369826405,0.6492014990351467,0.0045012342093799914,0.5849056603773585,0.008933717579250721,0.3991311567558101,0.7872390269441552,27,53,Logistic Regression,logistic,class_weight
0.005013001631777956,0.6206514882147158,0.004217273954116059,0.4716981132075472,0.008359806052499582,0.4159341062698147,0.821325671387699,28,53,Logistic Regression,logistic,class_weight
0.0037668087910369148,0.5954263921546138,0.004082914572864322,0.49056603773584906,0.008098427036287183,0.40802931302063117,0.8058183976653935,29,53,Logistic Regression,logistic,class_weight
0.00429637087839266,0.5835245676797547,0.004048582995951417,0.4528301886792453,0.008025413810399598,0.4157424060750156,0.8212760093742861,30,53,Logistic Regression,logistic,class_weight
0.003724455411740269,0.5975916419519571,0.004104741684359519,0.5471698113207547,0.00814835627985389,0.39535844053598485,0.7804949535618869,31,53,Logistic Regression,logistic,class_weight
0.004909756238129768,0.6395090000410983,0.004306774888189498,0.49056603773584906,0.008538587848932676,0.41414451035529803,0.8175783490086941,32,53,Logistic Regression,logistic,class_weight
0.0038062324136589124,0.5881659689166715,0.003317011530563892,0.39622641509433965,0.006578947368421052,0.40778317888269255,0.8068387897462032,33,53,Logistic Regression,logistic,class_weight
0.005948394498814457,0.6812056737588653,0.0046345338983050845,0.660377358490566,0.009204470742932281,0.3867979140556849,0.7623691826101315,34,53,Logistic Regression,logistic,class_weight
0.004318678236168994,0.5886102384368134,0.0036121947695419735,0.4716981132075472,0.007169486664754803,0.3974340105182485,0.7856086061344749,35,53,Logistic Regression,logistic,class_weight
0.004798391413978573,0.6626702591006363,0.004688445251058681,0.5849056603773585,0.009302325581395349,0.40437172288546425,0.7973254610951495,36,53,Logistic Regression,logistic,class_weight
0.004079418483118025,0.5868372786070175,0.00424595062116685,0.5094339622641509,0.00842170929507174,0.40838857348042706,0.8062135518618193,37,53,Logistic Regression,logistic,class_weight
0.004597608183091044,0.6019995794383591,0.003910527139058345,0.4716981132075472,0.007756748371082842,0.4073786759356923,0.8048604567655042,38,53,Logistic Regression,logistic,class_weight
0.005414020792158666,0.6860794096843876,0.005267234701781564,0.6415094339622641,0.010448678549477565,0.4078786714592723,0.8031802563839997,39,53,Logistic Regression,logistic,class_weight
0.004241599905163602,0.6202783594721454,0.004071784044638818,0.5094339622641509,0.00807899461400359,0.40329186783945986,0.7963883136342856,40,53,Logistic Regression,logistic,class_weight
0.0038103728667939147,0.6017913106808643,0.003745318352059925,0.4528301886792453,0.007429190527782077,0.4069204394393371,0.8042723495419285,41,53,Logistic Regression,logistic,class_weight
0.0065247732769491765,0.6771865469146198,0.00490948143602332,0.6037735849056604,0.009739765636889362,0.40632973683304324,0.8007959060211749,42,53,Logistic Regression,logistic,class_weight
0.003939242246708418,0.5648630307201162,0.0036465638148667602,0.49056603773584906,0.007239315049422247,0.39358354975691184,0.7778587454668269,43,53,Logistic Regression,logistic,class_weight
0.005251251602779749,0.6680210663149242,0.0048250904704463205,0.6037735849056604,0.009573672400897532,0.4041667942564349,0.79664670078753,44,53,Logistic Regression,logistic,class_weight
0.006561866626358493,0.6553920439502883,0.0045392022008253095,0.6226415094339622,0.009012699713232281,0.392047028610684,0.7730301481081595,45,53,Logistic Regression,logistic,class_weight
0.004653820565381889,0.6162273135214231,0.004377431906614786,0.5094339622641509,0.008680276482880566,0.41192847402230165,0.8130172136987754,46,53,Logistic Regression,logistic,class_weight
0.005029536912961703,0.602353783381584,0.0037681159420289855,0.49056603773584906,0.007478786135481088,0.3980093486369148,0.7864485582220531,47,53,Logistic Regression,logistic,class_weight
0.004447976458814111,0.6556498633174668,0.004889975550122249,0.6415094339622641,0.009705966314587497,0.3983766172886627,0.7849657703087515,48,53,Logistic Regression,logistic,class_weight
0.0037642193856463405,0.5773173902238534,0.0036918946131901326,0.41509433962264153,0.007318695941450432,0.4147810492872201,0.8200612670570462,49,53,Logistic Regression,logistic,class_weight
0.005282599123821916,0.6367726205302058,0.0,0.0,0.0,0.49932970785380043,0.9959854261636732,0,53,Logistic Regression,logistic,custom
0.00460788180873761,0.6368959153108223,0.0,0.0,0.0,0.49932970785380043,0.9959854261636732,1,53,Logistic Regression,logistic,custom
0.005124113001791696,0.6397164028891122,0.0,0.0,0.0,0.49932970785380043,0.9959854261636732,2,53,Logistic Regression,logistic,custom
0.0057758493516689826,0.6226864330637916,0.0,0.0,0.0,0.49932967394328787,0.9959852234265146,3,53,Logistic Regression,logistic,custom
0.004631902998830978,0.595098545239051,0.0,0.0,0.0,0.49932967394328787,0.9959852234265146,4,53,Logistic Regression,logistic,custom
0.003932198360031594,0.5934110886929128,0.0,0.0,0.0,0.49930437862039306,0.9959349033389087,5,53,Logistic Regression,logistic,custom
0.006108131186264349,0.6913625793650415,0.0,0.0,0.0,0.49932970785380043,0.9959854261636732,6,53,Logistic Regression,logistic,custom
0.00587128119099345,0.6389594302825362,0.0,0.0,0.0,0.49932970785380043,0.9959854261636732,7,53,Logistic Regression,logistic,custom
0.005028222905695474,0.6374156487163312,0.0,0.0,0.0,0.49932967394328787,0.9959852234265146,8,53,Logistic Regression,logistic,custom
0.004772535533054512,0.5742807440117758,0.0,0.0,0.0,0.49932967394328787,0.9959852234265146,9,53,Logistic Regression,logistic,custom
0.004529017830618896,0.56925964829447,0.0,0.0,0.0,0.49932970785380043,0.9959854261636732,10,53,Logistic Regression,logistic,custom
0.005250590789832045,0.6106350828129943,0.0,0.0,0.0,0.49932970785380043,0.9959854261636732,11,53,Logistic Regression,logistic,custom
0.004896307397543158,0.6566871170335085,0.0,0.0,0.0,0.49930437862039306,0.9959349033389087,12,53,Logistic Regression,logistic,custom
0.004680815892718718,0.6107835828028522,0.0,0.0,0.0,0.49932967394328787,0.9959852234265146,13,53,Logistic Regression,logistic,custom
0.004999905486591397,0.6562338705052475,0.0,0.0,0.0,0.49932967394328787,0.9959852234265146,14,53,Logistic Regression,logistic,custom
0.0063773780569123285,0.6598373464669355,0.0,0.0,0.0,0.49932970785380043,0.9959854261636732,15,53,Logistic Regression,logistic,custom
0.0047349819315339456,0.6296511522327347,0.0,0.0,0.0,0.49932970785380043,0.9959854261636732,16,53,Logistic Regression,logistic,custom
0.006001983994909799,0.6439781968950743,0.0,0.0,0.0,0.49932970785380043,0.9959854261636732,17,53,Logistic Regression,logistic,custom
0.0036700624395242408,0.5709372789661831,0.0,0.0,0.0,0.49932967394328787,0.9959852234265146,18,53,Logistic Regression,logistic,custom
0.0034791576971289085,0.5763348052990767,0.0,0.0,0.0,0.49932967394328787,0.9959852234265146,19,53,Logistic Regression,logistic,custom
0.003727883739330954,0.5627795040109034,0.0,0.0,0.0,0.49932970785380043,0.9959854261636732,20,53,Logistic Regression,logistic,custom
0.005367825726472635,0.6130159145844345,0.0,0.0,0.0,0.49932970785380043,0.9959854261636732,21,53,Logistic Regression,logistic,custom
0.005868689805651687,0.6424604285879498,0.0,0.0,0.0,0.49932970785380043,0.9959854261636732,22,53,Logistic Regression,logistic,custom
0.0049986337638195585,0.6218816310145093,0.0,0.0,0.0,0.49932967394328787,0.9959852234265146,23,53,Logistic Regression,logistic,custom
0.005866979659217918,0.6485978092561794,0.0,0.0,0.0,0.49932967394328787,0.9959852234265146,24,53,Logistic Regression,logistic,custom
0.006813970872825967,0.6809169308583898,0.0,0.0,0.0,0.49932970785380043,0.9959854261636732,25,53,Logistic Regression,logistic,custom
0.004490672624664311,0.5859770824631811,0.0,0.0,0.0,0.49932970785380043,0.9959854261636732,26,53,Logistic Regression,logistic,custom
0.00594958720099596,0.6341604915734229,0.0,0.0,0.0,0.49932970785380043,0.9959854261636732,27,53,Logistic Regression,logistic,custom
0.004416159949203543,0.6149136892814131,0.0,0.0,0.0,0.49932967394328787,0.9959852234265146,28,53,Logistic Regression,logistic,custom
0.003958323703223887,0.6028942287472999,0.0,0.0,0.0,0.49932967394328787,0.9959852234265146,29,53,Logistic Regression,logistic,custom
0.004047276816698765,0.561305701284464,0.0,0.0,0.0,0.49932970785380043,0.9959854261636732,30,53,Logistic Regression,logistic,custom
0.004146831979391001,0.6059709081664155,0.0,0.0,0.0,0.49932970785380043,0.9959854261636732,31,53,Logistic Regression,logistic,custom
0.004445649814086292,0.6099383239364871,0.0,0.0,0.0,0.49932970785380043,0.9959854261636732,32,53,Logistic Regression,logistic,custom
0.004031919785533446,0.5810919309514252,0.0,0.0,0.0,0.49932967394328787,0.9959852234265146,33,53,Logistic Regression,logistic,custom
0.005493591738165626,0.6686891858308961,0.0,0.0,0.0,0.49932967394328787,0.9959852234265146,34,53,Logistic Regression,logistic,custom
0.0047989383603423644,0.5921685831518161,0.0,0.0,0.0,0.49932970785380043,0.9959854261636732,35,53,Logistic Regression,logistic,custom
0.004939557849194762,0.6448106756076091,0.0,0.0,0.0,0.49932970785380043,0.9959854261636732,36,53,Logistic Regression,logistic,custom
0.004624709854407972,0.5803016994608482,0.0,0.0,0.0,0.49932970785380043,0.9959854261636732,37,53,Logistic Regression,logistic,custom
0.0046925919110460505,0.6056718472214256,0.0,0.0,0.0,0.49932967394328787,0.9959852234265146,38,53,Logistic Regression,logistic,custom
0.0062348208049364355,0.6759314484525243,0.0,0.0,0.0,0.49932967394328787,0.9959852234265146,39,53,Logistic Regression,logistic,custom
0.004753757996032492,0.6162029412973478,0.0,0.0,0.0,0.49932970785380043,0.9959854261636732,40,53,Logistic Regression,logistic,custom
0.003995761297168662,0.606864556382512,0.0,0.0,0.0,0.49932970785380043,0.9959854261636732,41,53,Logistic Regression,logistic,custom
0.006021938298825897,0.6846626071780502,0.0,0.0,0.0,0.49932970785380043,0.9959854261636732,42,53,Logistic Regression,logistic,custom
0.0037637988118628656,0.5512196287587696,0.0,0.0,0.0,0.49932967394328787,0.9959852234265146,43,53,Logistic Regression,logistic,custom
0.00555708199992887,0.6579954502877023,0.0,0.0,0.0,0.49932967394328787,0.9959852234265146,44,53,Logistic Regression,logistic,custom
0.007274814047975472,0.652549573581656,0.0,0.0,0.0,0.49932970785380043,0.9959854261636732,45,53,Logistic Regression,logistic,custom
0.0049727000479813715,0.6237492509125246,0.0,0.0,0.0,0.49932970785380043,0.9959854261636732,46,53,Logistic Regression,logistic,custom
0.004937971032105087,0.5684725688228598,0.0,0.0,0.0,0.49932970785380043,0.9959854261636732,47,53,Logistic Regression,logistic,custom
0.005352780968592915,0.6655617365372484,0.0,0.0,0.0,0.49932967394328787,0.9959852234265146,48,53,Logistic Regression,logistic,custom
0.003899765957923421,0.5812764045802985,0.0,0.0,0.0,0.49932967394328787,0.9959852234265146,49,53,Logistic Regression,logistic,custom
0.11580633173805337,0.6710155953560877,0.8571428571428571,0.11320754716981132,0.2,0.5993928354584093,0.9966468591274584,0,53,Decision Tree,decision_tree,none
0.052973692997136834,0.6673678858194754,0.5,0.03773584905660377,0.07017543859649122,0.5344173593275896,0.9961731911631897,1,53,Decision Tree,decision_tree,none
0.08966945021981991,0.6173517810361158,1.0,0.07547169811320754,0.14035087719298245,0.5695556718311678,0.9964620069244584,2,53,Decision Tree,decision_tree,none
0.09936576009043516,0.7375594999139761,0.8,0.07547169811320754,0.13793103448275862,0.5683330541772222,0.9964300865485104,3,53,Decision Tree,decision_tree,none
0.021013500218036097,0.5920184091300109,0.3333333333333333,0.018867924528301886,0.03571428571428571,0.5171741173069279,0.996055525105864,4,53,Decision Tree,decision_tree,none
0.12545842750000114,0.604333668172647,1.0,0.09433962264150944,0.1724137931034483,0.5855997627293108,0.9965730561512558,5,53,Decision Tree,decision_tree,none
0.03151412413727037,0.6987373276381976,0.0,0.0,0.0,0.4993170435574442,0.9959601653902704,6,53,Decision Tree,decision_tree,none
0.13399577423157077,0.6493286169097356,0.8571428571428571,0.11320754716981132,0.2,0.5993928354584093,0.9966468591274584,7,53,Decision Tree,decision_tree,none
0.05708214854542852,0.6198524210969012,0.5714285714285714,0.07547169811320754,0.13333333333333333,0.5660088717974666,0.9963672472707851,8,53,Decision Tree,decision_tree,none
0.05142927949873427,0.6423720632371777,0.6666666666666666,0.03773584905660377,0.07142857142857142,0.5350565574066712,0.9962016167686099,9,53,Decision Tree,decision_tree,none
0.02967364254960488,0.6752879028704746,0.5,0.018867924528301886,0.03636363636363636,0.517511492125106,0.9960827250356756,10,53,Decision Tree,decision_tree,none
0.10621166010477022,0.6698146659619431,1.0,0.07547169811320754,0.14035087719298245,0.5695556718311678,0.9964620069244584,11,53,Decision Tree,decision_tree,none
0.04992206120559256,0.5953689906936335,0.5,0.03773584905660377,0.07017543859649122,0.5344173593275896,0.9961731911631897,12,53,Decision Tree,decision_tree,none
0.06608105951580202,0.6926884402898053,0.5,0.03773584905660377,0.07017543859649122,0.534417325410214,0.9961729979056297,13,53,Decision Tree,decision_tree,none
0.14552368591952658,0.6382314427175928,0.8888888888888888,0.1509433962264151,0.25806451612903225,0.6284503331581301,0.996852575357486,14,53,Decision Tree,decision_tree,none
0.09430468704865155,0.6967588765073742,0.8,0.07547169811320754,0.13793103448275862,0.5683330861763654,0.9964302668242249,15,53,Decision Tree,decision_tree,none
0.12269487604284451,0.6644972201327952,0.8571428571428571,0.11320754716981132,0.2,0.5993928354584093,0.9966468591274584,16,53,Decision Tree,decision_tree,none
0.11624079860848098,0.7097621748816991,0.8333333333333334,0.09433962264150944,0.1694915254237288,0.5841259645889674,0.9965399707668605,17,53,Decision Tree,decision_tree,none
0.010846233509484191,0.5421531800194987,0.0,0.0,0.0,0.49931700900536274,0.9959599613768364,18,53,Decision Tree,decision_tree,none
0.04427299011600848,0.6103290894840474,0.5,0.03773584905660377,0.07017543859649122,0.534417325410214,0.9961729979056297,19,53,Decision Tree,decision_tree,none
0.09132614605647739,0.598243957361033,0.8333333333333334,0.09433962264150944,0.1694915254237288,0.5841259645889674,0.9965399707668605,20,53,Decision Tree,decision_tree,none
0.05236906972166665,0.6316090542334554,0.6,0.05660377358490566,0.10344827586206896,0.55106640962342,0.9962874774971938,21,53,Decision Tree,decision_tree,none
0.11999178276028319,0.6491690027363795,1.0,0.07547169811320754,0.14035087719298245,0.5695556718311678,0.9964620069244584,22,53,Decision Tree,decision_tree,none
0.06207645780888266,0.6375709697769112,0.0,0.0,0.0,0.49932967394328787,0.9959852234265146,23,53,Decision Tree,decision_tree,none
0.06214129029853304,0.7360923132801896,0.5,0.05660377358490566,0.1016949152542373,0.5501770298182791,0.9962573304004188,24,53,Decision Tree,decision_tree,none
0.051403382742266863,0.642420763987984,0.3333333333333333,0.07547169811320754,0.12307692307692308,0.5608173624316124,0.9962136325142193,25,53,Decision Tree,decision_tree,none
0.09691854101705104,0.6874568109852782,1.0,0.05660377358490566,0.10714285714285714,0.55293902950232,0.9963478928656173,26,53,Decision Tree,decision_tree,none
0.08218003704376703,0.6402549812525029,0.6666666666666666,0.07547169811320754,0.13559322033898305,0.5671515141640272,0.996398745083875,27,53,Decision Tree,decision_tree,none
0.048087567154949745,0.7007880751658351,0.5,0.03773584905660377,0.07017543859649122,0.534417325410214,0.9961729979056297,28,53,Decision Tree,decision_tree,none
0.06866547446985546,0.6764987287568579,0.6666666666666666,0.07547169811320754,0.13559322033898305,0.5671514815232497,0.9963985632154974,29,53,Decision Tree,decision_tree,none
0.0473895529354801,0.5834012728991381,1.0,0.018867924528301886,0.037037037037037035,0.5178608567590204,0.9961097888943344,30,53,Decision Tree,decision_tree,none
0.06454505637521073,0.6952922420821334,0.5,0.03773584905660377,0.07017543859649122,0.5344173593275896,0.9961731911631897,31,53,Decision Tree,decision_tree,none
0.037791899773461535,0.6402975131729483,0.6666666666666666,0.03773584905660377,0.07142857142857142,0.5350565906824128,0.996201808580242,32,53,Decision Tree,decision_tree,none
0.05387853763046355,0.6399868096576246,0.5714285714285714,0.07547169811320754,0.13333333333333333,0.5660088717974666,0.9963672472707851,33,53,Decision Tree,decision_tree,none
0.07325411384561417,0.6864947143048308,0.8,0.07547169811320754,0.13793103448275862,0.5683330541772222,0.9964300865485104,34,53,Decision Tree,decision_tree,none
0.08026993242621047,0.626392442507835,1.0,0.03773584905660377,0.07272727272727272,0.535718605629819,0.9962305467324426,35,53,Decision Tree,decision_tree,none
0.07874529578715733,0.6118933586167281,0.8,0.07547169811320754,0.13793103448275862,0.5683330861763654,0.9964302668242249,36,53,Decision Tree,decision_tree,none
0.08063104857258296,0.6558708864703572,0.75,0.05660377358490566,0.10526315789473684,0.5519865155793787,0.9963175990438239,37,53,Decision Tree,decision_tree,none
0.04419487663234818,0.6998504138708876,0.6666666666666666,0.03773584905660377,0.07142857142857142,0.5350565574066712,0.9962016167686099,38,53,Decision Tree,decision_tree,none
0.08209016331572722,0.6338093326451415,0.625,0.09433962264150944,0.16393442622950818,0.5813220518244315,0.9964743877556826,39,53,Decision Tree,decision_tree,none
0.16715096401371257,0.6862487132899349,1.0,0.11320754716981132,0.2033898305084746,0.6011004150139074,0.9966811964498458,40,53,Decision Tree,decision_tree,none
0.06051225212286254,0.5927798003006863,1.0,0.018867924528301886,0.037037037037037035,0.5178608567590204,0.9961097888943344,41,53,Decision Tree,decision_tree,none
0.0777552989616814,0.718869740497939,0.8,0.07547169811320754,0.13793103448275862,0.5683330861763654,0.9964302668242249,42,53,Decision Tree,decision_tree,none
0.049428898868834545,0.6790961748007112,0.4,0.03773584905660377,0.06896551724137931,0.5337996985114001,0.9961444934723913,43,53,Decision Tree,decision_tree,none
0.05541156866323346,0.6863107185869128,0.6,0.05660377358490566,0.10344827586206896,0.5510663763443112,0.9962872900104507,44,53,Decision Tree,decision_tree,none
0.15676461446225287,0.646741338063775,0.8888888888888888,0.1509433962264151,0.25806451612903225,0.6284503626033007,0.9968527343010574,45,53,Decision Tree,decision_tree,none
0.09212193921997183,0.661090365516457,0.8,0.07547169811320754,0.13793103448275862,0.5683330861763654,0.9964302668242249,46,53,Decision Tree,decision_tree,none
0.04351854965366074,0.6748922126443098,0.5,0.018867924528301886,0.03636363636363636,0.517511492125106,0.9960827250356756,47,53,Decision Tree,decision_tree,none
0.09409766057970727,0.6363150197855136,0.8,0.07547169811320754,0.13793103448275862,0.5683330541772222,0.9964300865485104,48,53,Decision Tree,decision_tree,none
0.029310387357474092,0.7485753474412647,0.3333333333333333,0.018867924528301886,0.03571428571428571,0.5171741173069279,0.996055525105864,49,53,Decision Tree,decision_tree,none
0.01800834144028135,0.6651447566744052,0.009108159392789373,0.4528301886792453,0.017857142857142856,0.4731562137049942,0.9260170860325933,0,53,Decision Tree,decision_tree,class_weight
0.011723772011110554,0.6460488801679868,0.011122881355932203,0.39622641509433965,0.021638330757341576,0.48559803222065023,0.9470731561172664,1,53,Decision Tree,decision_tree,class_weight
0.01218078229581399,0.6890763691694232,0.010317787866281469,0.4716981132075472,0.020193861066235864,0.4774120846611628,0.9321818323694038,2,53,Decision Tree,decision_tree,class_weight
0.0178303939127965,0.6996463458928334,0.012379642365887207,0.5094339622641509,0.024171888988361683,0.48290410684157853,0.9391796170156946,3,53,Decision Tree,decision_tree,class_weight
0.022348521766595096,0.6899805968152015,0.009611687812379853,0.4716981132075472,0.018839487565938208,0.47416576349487205,0.9270535720237923,4,53,Decision Tree,decision_tree,class_weight
0.018797056090011227,0.688765742784149,0.01019108280254777,0.4528301886792453,0.019933554817275746,0.47822928413268306,0.9340707673478867,5,53,Decision Tree,decision_tree,class_weight
0.008943648746311754,0.6936511789943924,0.00725,0.5471698113207547,0.014310387367382186,0.45094300851414,0.8852373929304969,6,53,Decision Tree,decision_tree,class_weight
0.012656916282397504,0.7029360405936117,0.010388611004232396,0.5094339622641509,0.020361990950226245,0.47501205460441787,0.9272273952745059,7,53,Decision Tree,decision_tree,class_weight
0.02001811960811733,0.6228355412819484,0.008478357875948238,0.3584905660377358,0.016564952048823016,0.4780347017028412,0.9370330830214214,8,53,Decision Tree,decision_tree,class_weight
0.02508638331507261,0.64006279749957,0.007692307692307693,0.39622641509433965,0.015091627739849083,0.4703070018165593,0.9230845024202169,9,53,Decision Tree,decision_tree,class_weight
0.007818319292501605,0.6796849388257175,0.009538344143456695,0.4716981132075472,0.018698578908002993,0.47380721869493986,0.9264786797500684,10,53,Decision Tree,decision_tree,class_weight
0.02032014401412834,0.6136548491646062,0.006612784717119765,0.33962264150943394,0.012972972972972972,0.4692849544190103,0.923153313048372,11,53,Decision Tree,decision_tree,class_weight
0.02891549545345048,0.7039811789083729,0.008750994431185362,0.41509433962264153,0.017140631086871836,0.4744950609582005,0.929400285536695,12,53,Decision Tree,decision_tree,class_weight
0.015917484283799015,0.6974202366615052,0.010163339382940109,0.5283018867924528,0.019943019943019943,0.47255783875502183,0.9227487111822376,13,53,Decision Tree,decision_tree,class_weight
0.009049509130164893,0.6267281260155607,0.006660611565243718,0.41509433962264153,0.013110846245530394,0.4608474463079708,0.9061862249382575,14,53,Decision Tree,decision_tree,class_weight
0.01429572475664223,0.6319569557849625,0.006598482349059716,0.37735849056603776,0.01297016861219196,0.4647910233812658,0.9141923060271953,15,53,Decision Tree,decision_tree,class_weight
0.03941714104669205,0.6403682404114415,0.009834368530020704,0.3584905660377358,0.019143576826196475,0.48368289656936236,0.9457345347982928,16,53,Decision Tree,decision_tree,class_weight
0.015005450245246438,0.6322102357606475,0.010542168674698794,0.39622641509433965,0.020537897310513448,0.48359287055814143,0.9441681112017354,17,53,Decision Tree,decision_tree,class_weight
0.004785681053184596,0.5716331173175814,0.006390977443609023,0.32075471698113206,0.012532252119424991,0.46993873203156183,0.9248956041595989,18,53,Decision Tree,decision_tree,class_weight
0.02056800488045827,0.721748771768844,0.012693156732891833,0.4339622641509434,0.024664879356568366,0.48822120190622087,0.9492949816280927,19,53,Decision Tree,decision_tree,class_weight
0.016659179163345313,0.6548682800760413,0.009286775631500743,0.4716981132075472,0.018214936247723135,0.4725333563522903,0.9244188294764046,20,53,Decision Tree,decision_tree,class_weight
0.02994933158076193,0.6430372378910666,0.010004547521600727,0.41509433962264153,0.019538188277087035,0.4801997776611491,0.9383944513902291,21,53,Decision Tree,decision_tree,class_weight
0.024338442794556072,0.6758097551977351,0.006944444444444444,0.49056603773584906,0.013695022386094284,0.4545298894445629,0.8930040160812776,22,53,Decision Tree,decision_tree,class_weight
0.011660934955808276,0.6754998948595897,0.01008533747090768,0.49056603773584906,0.01976434815659445,0.47498838433401364,0.9277745006491175,23,53,Decision Tree,decision_tree,class_weight
0.016413719535047028,0.6754564049626274,0.008973438621679828,0.4716981132075472,0.017611835153222965,0.4708572414942102,0.921675324383869,24,53,Decision Tree,decision_tree,class_weight
0.023051906254273516,0.6792333358502036,0.011337868480725623,0.4716981132075472,0.022143489813994686,0.4814976757936837,0.9383919474703593,25,53,Decision Tree,decision_tree,class_weight
0.01259834595637547,0.6753935158414677,0.009213323883770375,0.49056603773584906,0.01808695652173913,0.4705966065805383,0.9206829959084982,26,53,Decision Tree,decision_tree,class_weight
0.013701808385405495,0.6564715901108028,0.008495575221238939,0.4528301886792453,0.01667824878387769,0.46979376890297125,0.9204827837612474,27,53,Decision Tree,decision_tree,class_weight
0.009541821977434273,0.6538165968916672,0.010195035460992909,0.4339622641509434,0.01992204417496752,0.47960718460056156,0.9368305140381744,28,53,Decision Tree,decision_tree,class_weight
0.014725127762902801,0.6422253445737991,0.008695652173913044,0.37735849056603776,0.016999575010624733,0.4774386320786747,0.9354118406119288,29,53,Decision Tree,decision_tree,class_weight
0.011974823448742913,0.7024557644133032,0.00936768149882904,0.5283018867924528,0.018408941485864562,0.4683518466527446,0.9158852364135578,30,53,Decision Tree,decision_tree,class_weight
0.013163961490466825,0.6775530860492434,0.010499790004199917,0.4716981132075472,0.020542317173377157,0.4781884756992471,0.9333838666792069,31,53,Decision Tree,decision_tree,class_weight
0.014680295170037723,0.651343387433299,0.009379187137114784,0.39622641509433965,0.01832460732984293,0.47899821100082884,0.9372048346784266,32,53,Decision Tree,decision_tree,class_weight
0.021521786520350396,0.7170752805337309,0.010136315973435861,0.5471698113207547,0.01990391214824983,0.4710121654982087,0.9197045407672755,33,53,Decision Tree,decision_tree,class_weight
0.021994666460761647,0.6818307812888303,0.008948545861297539,0.4528301886792453,0.017550274223034734,0.4723175104528107,0.9246492731798152,34,53,Decision Tree,decision_tree,class_weight
0.00920329092966492,0.6223007761836536,0.009764503159103963,0.32075471698113206,0.0189520624303233,0.48619191204280626,0.9509296183765723,35,53,Decision Tree,decision_tree,class_weight
0.059410091307868645,0.646196069285932,0.010587102983638113,0.41509433962264153,0.020647583294228063,0.4824651804395961,0.9418096713256224,36,53,Decision Tree,decision_tree,class_weight
0.015585074937929601,0.6957973683732639,0.011728931364031277,0.5094339622641509,0.022929936305732482,0.48056496009549776,0.9357492759676256,37,53,Decision Tree,decision_tree,class_weight
0.005987199555667804,0.5653595802030166,0.00621414913957935,0.24528301886792453,0.012121212121212121,0.47776275076827945,0.9409105793614597,38,53,Decision Tree,decision_tree,class_weight
0.021978758477378218,0.7321571944715263,0.010947527368818422,0.5471698113207547,0.02146558105107328,0.4748906909701739,0.9258875150482487,39,53,Decision Tree,decision_tree,class_weight
0.017907865342840803,0.6761437980335916,0.009259259259259259,0.4528301886792453,0.018147448015122872,0.4739249813499538,0.9272617539222561,40,53,Decision Tree,decision_tree,class_weight
0.02051908437571484,0.647559958060659,0.01011029411764706,0.41509433962264153,0.01973979362943024,0.48062660871813867,0.9390453020326021,41,53,Decision Tree,decision_tree,class_weight
0.012980964124625327,0.7095246651686511,0.011147069399496584,0.5849056603773585,0.021877205363443897,0.4732284214769551,0.922162580456586,42,53,Decision Tree,decision_tree,class_weight
0.009928374346849664,0.6267352946798952,0.008631319358816275,0.39622641509433965,0.016894609814963796,0.47550929951664633,0.9316679109528622,43,53,Decision Tree,decision_tree,class_weight
0.010074936265760797,0.6073918487507407,0.0081799591002045,0.3018867924528302,0.015928322548531607,0.4816581762302229,0.944893846893157,44,53,Decision Tree,decision_tree,class_weight
0.02347612222951182,0.6959536373393943,0.008130081300813009,0.5094339622641509,0.016004742145820983,0.46216374512714364,0.9059334960969467,45,53,Decision Tree,decision_tree,class_weight
0.015123717894166479,0.7164798288783137,0.010819165378670788,0.5283018867924528,0.021204089360090876,0.4756195021190797,0.927601448486614,46,53,Decision Tree,decision_tree,class_weight
0.010935940805154705,0.6418119362728466,0.00865051903114187,0.37735849056603776,0.016913319238900635,0.477225968917465,0.9350735715683478,47,53,Decision Tree,decision_tree,class_weight
0.02126212211287105,0.7366500353654107,0.012159329140461216,0.5471698113207547,0.02378999179655455,0.4798609698403468,0.9334894922850565,48,53,Decision Tree,decision_tree,class_weight
0.020262022869870503,0.5677486570702146,0.010549694614103275,0.3584905660377358,0.020496224379719527,0.4861836576154932,0.9493771350121829,49,53,Decision Tree,decision_tree,class_weight
0.135751630400735,0.7124063222505025,0.21428571428571427,0.16981132075471697,0.18947368421052632,0.5937619858016144,0.9958852596080883,0,53,Decision Tree,decision_tree,custom
0.08192717743041154,0.715767777625916,0.15384615384615385,0.07547169811320754,0.10126582278481013,0.5497343819434187,0.9958013210519712,1,53,Decision Tree,decision_tree,custom
0.06369883185770184,0.6744941329844123,0.25,0.09433962264150944,0.136986301369863,0.5676959850516277,0.9960991502697031,2,53,Decision Tree,decision_tree,custom
0.1001681043711267,0.774954598459215,0.2413793103448276,0.1320754716981132,0.17073170731707318,0.584505181321558,0.9960627209934774,3,53,Decision Tree,decision_tree,custom
0.036020433757225676,0.6037802756590391,0.1,0.05660377358490566,0.07228915662650602,0.5351699687899256,0.9955718557732655,4,53,Decision Tree,decision_tree,custom
0.075888878588518,0.6113323195762483,0.1724137931034483,0.09433962264150944,0.12195121951219512,0.5600643557693614,0.9958313269035984,5,53,Decision Tree,decision_tree,custom
0.051382091232203345,0.6415127791694902,0.125,0.03773584905660377,0.057971014492753624,0.5281631180158801,0.995837268473762,6,53,Decision Tree,decision_tree,custom
0.12980540241095806,0.7487859287203245,0.24242424242424243,0.1509433962264151,0.18604651162790697,0.5921372247269199,0.9960532578426806,7,53,Decision Tree,decision_tree,custom
0.05266589228077934,0.6512927491349811,0.23809523809523808,0.09433962264150944,0.13513513513513514,0.5667576870249476,0.9960687151184522,8,53,Decision Tree,decision_tree,custom
0.12160551882673844,0.684481753359714,0.2857142857142857,0.11320754716981132,0.16216216216216217,0.580296509305418,0.9961915677710005,9,53,Decision Tree,decision_tree,custom
0.018866242996498576,0.6770622963605102,0.09090909090909091,0.03773584905660377,0.05333333333333334,0.525768228178068,0.9956731594553812,10,53,Decision Tree,decision_tree,custom
0.08010856778735415,0.7027362839335431,0.18421052631578946,0.1320754716981132,0.15384615384615385,0.5759483193465521,0.9957900610042182,11,53,Decision Tree,decision_tree,custom
0.048532509024587625,0.6268961351387257,0.17391304347826086,0.07547169811320754,0.10526315789473684,0.5517710808708347,0.9958878833136665,12,53,Decision Tree,decision_tree,custom
0.06196879217149147,0.7121451511154441,0.21428571428571427,0.11320754716981132,0.14814814814814814,0.5732007668977672,0.9959770466594887,13,53,Decision Tree,decision_tree,custom
0.08255458950023266,0.6811497581770565,0.3125,0.09433962264150944,0.14492753623188406,0.5717172539574786,0.9962213297854874,14,53,Decision Tree,decision_tree,custom
0.07503222484921293,0.6809068952367117,0.15151515151515152,0.09433962264150944,0.11627906976744186,0.5571775582749416,0.9957149656577675,15,53,Decision Tree,decision_tree,custom
0.09580434523410834,0.7277851956420553,0.15217391304347827,0.1320754716981132,0.1414141414141414,0.5696308216250479,0.9955543338000669,16,53,Decision Tree,decision_tree,custom
0.1718138281068804,0.6759344836385914,0.5,0.16981132075471697,0.2535211267605634,0.6260899659158993,0.9966636400237223,17,53,Decision Tree,decision_tree,custom
0.018887236069931597,0.5874357209764676,0.06666666666666667,0.018867924528301886,0.029411764705882353,0.513870819849778,0.995735389072123,18,53,Decision Tree,decision_tree,custom
0.05148597451145269,0.6927567815564604,0.14285714285714285,0.05660377358490566,0.08108108108108109,0.5396800424640068,0.9958230098133556,19,53,Decision Tree,decision_tree,custom
0.09755162555723021,0.6885115070349708,0.21621621621621623,0.1509433962264151,0.17777777777777778,0.5879521325974311,0.9959299388866772,20,53,Decision Tree,decision_tree,custom
0.06265222620272541,0.6913582783843222,0.16666666666666666,0.07547169811320754,0.1038961038961039,0.5510748773890684,0.9958589378381684,21,53,Decision Tree,decision_tree,custom
0.13357075357646336,0.6332104527212304,0.3181818181818182,0.1320754716981132,0.18666666666666668,0.5925614354769316,0.996282573616595,22,53,Decision Tree,decision_tree,custom
0.059718931985928494,0.6512592953680869,0.18181818181818182,0.07547169811320754,0.10666666666666667,0.5524854681818565,0.9959167188982484,23,53,Decision Tree,decision_tree,custom
0.07979526771651835,0.7540173194930321,0.25,0.11320754716981132,0.15584415584415584,0.5770994805392031,0.9960988023838651,24,53,Decision Tree,decision_tree,custom
0.13292496330320402,0.6963445486980931,0.2962962962962963,0.1509433962264151,0.2,0.5991900374607675,0.9962423491475204,25,53,Decision Tree,decision_tree,custom
0.0979605387852013,0.7302286305772967,0.22580645161290322,0.1320754716981132,0.16666666666666666,0.5824473471040907,0.9960014562509031,26,53,Decision Tree,decision_tree,custom
0.07857216326068159,0.6894524660389784,0.2571428571428571,0.16981132075471697,0.20454545454545456,0.6013866513233602,0.9961027007405274,27,53,Decision Tree,decision_tree,custom
0.02338335347940684,0.701672210433752,0.09523809523809523,0.03773584905660377,0.05405405405405406,0.5261412201835365,0.9957001571608071,28,53,Decision Tree,decision_tree,custom
0.06808960208707666,0.7198533769188125,0.125,0.09433962264150944,0.10752688172043011,0.5527126217277105,0.9955142012519529,29,53,Decision Tree,decision_tree,custom
0.027403470352697405,0.7158413721848886,0.045454545454545456,0.018867924528301886,0.02666666666666667,0.5124095867182953,0.9955512766231384,30,53,Decision Tree,decision_tree,custom
0.1914382603751007,0.7651439920556107,0.2926829268292683,0.22641509433962265,0.2553191489361702,0.6267733639044551,0.9962383828140032,31,53,Decision Tree,decision_tree,custom
0.03843814757612887,0.6770986157532499,0.06818181818181818,0.05660377358490566,0.061855670103092786,0.5297756737996155,0.9951898918847497,32,53,Decision Tree,decision_tree,custom
0.06823174982183747,0.7029491885071975,0.20833333333333334,0.09433962264150944,0.12987012987012986,0.5640871568634863,0.995978765534138,33,53,Decision Tree,decision_tree,custom
0.08267798304972927,0.722942115425054,0.23809523809523808,0.09433962264150944,0.13513513513513514,0.5667576870249476,0.9960687151184522,34,53,Decision Tree,decision_tree,custom
0.12144682887662055,0.6388476047838375,0.25,0.1320754716981132,0.1728395061728395,0.5855718020903937,0.9960938512984773,35,53,Decision Tree,decision_tree,custom
0.06870893629590744,0.729798054618632,0.12903225806451613,0.07547169811320754,0.09523809523809523,0.5466571197130128,0.995658723929552,36,53,Decision Tree,decision_tree,custom
0.10970342471222723,0.6212776206592352,0.23809523809523808,0.09433962264150944,0.13513513513513514,0.5667577280170285,0.9960689136621088,37,53,Decision Tree,decision_tree,custom
0.05630789216760409,0.7017754392001683,0.15,0.05660377358490566,0.0821917808219178,0.5402480681752391,0.9958512677470488,38,53,Decision Tree,decision_tree,custom
0.15039845507540212,0.7556283573244633,0.20930232558139536,0.16981132075471697,0.1875,0.5927624082046088,0.9958544624825925,39,53,Decision Tree,decision_tree,custom
0.09405445162727422,0.6909339149533631,0.35294117647058826,0.11320754716981132,0.17142857142857143,0.5849804429084757,0.9963176787221744,40,53,Decision Tree,decision_tree,custom
0.031971281931844536,0.6320291166836953,0.11764705882352941,0.03773584905660377,0.05714285714285714,0.5277363660682655,0.9958097723390261,41,53,Decision Tree,decision_tree,custom
0.12653960750414434,0.7717340502908896,0.2727272727272727,0.11320754716981132,0.16,0.5792027940171589,0.9961606907843522,42,53,Decision Tree,decision_tree,custom
0.02485779699887908,0.6340052761369501,0.14814814814814814,0.07547169811320754,0.1,0.5490887460132639,0.99577242927316,43,53,Decision Tree,decision_tree,custom
0.06408491349782805,0.7341099386362333,0.1724137931034483,0.09433962264150944,0.12195121951219512,0.5600643096345909,0.9958311163460345,44,53,Decision Tree,decision_tree,custom
0.13488728586416351,0.6407280891316129,0.2926829268292683,0.22641509433962265,0.2553191489361702,0.6267733639044551,0.9962383828140032,45,53,Decision Tree,decision_tree,custom
0.0958576628952107,0.6424078610458265,0.29411764705882354,0.09433962264150944,0.14285714285714285,0.5706694236984231,0.9961907021263874,46,53,Decision Tree,decision_tree,custom
0.03666880348032289,0.6840236725978783,0.2,0.05660377358490566,0.08823529411764706,0.5433332341033579,0.9959940526563879,47,53,Decision Tree,decision_tree,custom
0.0931774655164272,0.6773302938196555,0.2857142857142857,0.11320754716981132,0.16216216216216217,0.580296509305418,0.9961915677710005,48,53,Decision Tree,decision_tree,custom
0.02219612489372102,0.7161839766014797,0.125,0.03773584905660377,0.057971014492753624,0.5281630763938323,0.9958370582382489,49,53,Decision Tree,decision_tree,custom
0.21281878095107323,0.8598783491497918,1.0,0.018867924528301886,0.037037037037037035,0.5178608567590204,0.9961097888943344,0,53,Random Forest,random_forest,none
0.16846405603715844,0.8450576474782394,1.0,0.018867924528301886,0.037037037037037035,0.5178608567590204,0.9961097888943344,1,53,Random Forest,random_forest,none
0.17601022282677595,0.8109475251679055,0.0,0.0,0.0,0.49932970785380043,0.9959854261636732,2,53,Random Forest,random_forest,none
0.20231649354405748,0.8829586511441189,1.0,0.03773584905660377,0.07272727272727272,0.5357185729956466,0.9962303563727738,3,53,Random Forest,random_forest,none
0.1146097681294497,0.8580069201506375,0.0,0.0,0.0,0.49932967394328787,0.9959852234265146,4,53,Random Forest,random_forest,none
0.20154821542913,0.8605335318793469,0.0,0.0,0.0,0.49932970785380043,0.9959854261636732,5,53,Random Forest,random_forest,none
0.15370132834928246,0.8821015165258016,0.0,0.0,0.0,0.49932970785380043,0.9959854261636732,6,53,Random Forest,random_forest,none
0.22554414085402508,0.8745365693275082,1.0,0.018867924528301886,0.037037037037037035,0.5178608567590204,0.9961097888943344,7,53,Random Forest,random_forest,none
0.1350105327528168,0.8217177075567281,1.0,0.03773584905660377,0.07272727272727272,0.5357185729956466,0.9962303563727738,8,53,Random Forest,random_forest,none
0.13387442074472033,0.855534208866204,1.0,0.03773584905660377,0.07272727272727272,0.5357185729956466,0.9962303563727738,9,53,Random Forest,random_forest,none
0.12233284828808696,0.8100366730289322,0.0,0.0,0.0,0.49932970785380043,0.9959854261636732,10,53,Random Forest,random_forest,none
0.18075094476920808,0.9000232252958836,1.0,0.018867924528301886,0.037037037037037035,0.5178608567590204,0.9961097888943344,11,53,Random Forest,random_forest,none
0.20025341366600855,0.8052707085053328,0.0,0.0,0.0,0.49932970785380043,0.9959854261636732,12,53,Random Forest,random_forest,none
0.16953197437173786,0.8450660472940682,1.0,0.018867924528301886,0.037037037037037035,0.5178608234866456,0.9961095924369535,13,53,Random Forest,random_forest,none
0.21882118561014657,0.8717674102961136,0.0,0.0,0.0,0.49932967394328787,0.9959852234265146,14,53,Random Forest,random_forest,none
0.17034124464921144,0.8342722214947724,1.0,0.03773584905660377,0.07272727272727272,0.535718605629819,0.9962305467324426,15,53,Random Forest,random_forest,none
0.23163190172578066,0.860296977939792,1.0,0.018867924528301886,0.037037037037037035,0.5178608567590204,0.9961097888943344,16,53,Random Forest,random_forest,none
0.23996073364533826,0.8734871300320279,0.0,0.0,0.0,0.49932970785380043,0.9959854261636732,17,53,Random Forest,random_forest,none
0.049425916083967084,0.8270975511842634,0.0,0.0,0.0,0.49932967394328787,0.9959852234265146,18,53,Random Forest,random_forest,none
0.10824430949992056,0.8312286134847355,1.0,0.018867924528301886,0.037037037037037035,0.5178608234866456,0.9961095924369535,19,53,Random Forest,random_forest,none
0.14314852999536168,0.8703306880708955,0.0,0.0,0.0,0.49932970785380043,0.9959854261636732,20,53,Random Forest,random_forest,none
0.16457624720281477,0.7999092970955,1.0,0.018867924528301886,0.037037037037037035,0.5178608567590204,0.9961097888943344,21,53,Random Forest,random_forest,none
0.2098686142284756,0.8607724752526349,1.0,0.03773584905660377,0.07272727272727272,0.535718605629819,0.9962305467324426,22,53,Random Forest,random_forest,none
0.12616693609056412,0.8485375924757699,0.0,0.0,0.0,0.49932967394328787,0.9959852234265146,23,53,Random Forest,random_forest,none
0.19186966245549636,0.8896881153103554,1.0,0.03773584905660377,0.07272727272727272,0.5357185729956466,0.9962303563727738,24,53,Random Forest,random_forest,none
0.21357454208128934,0.8709538523884301,0.0,0.0,0.0,0.49932970785380043,0.9959854261636732,25,53,Random Forest,random_forest,none
0.1928179787394373,0.8562225155384876,1.0,0.018867924528301886,0.037037037037037035,0.5178608567590204,0.9961097888943344,26,53,Random Forest,random_forest,none
0.1998717987060686,0.8945284834837561,0.0,0.0,0.0,0.49932970785380043,0.9959854261636732,27,53,Random Forest,random_forest,none
0.072491256562456,0.8282961518609853,1.0,0.018867924528301886,0.037037037037037035,0.5178608234866456,0.9961095924369535,28,53,Random Forest,random_forest,none
0.12842579027931092,0.8195503813729426,0.0,0.0,0.0,0.49932967394328787,0.9959852234265146,29,53,Random Forest,random_forest,none
0.1460043195275475,0.8410715941250515,0.0,0.0,0.0,0.49932970785380043,0.9959854261636732,30,53,Random Forest,random_forest,none
0.25440714938639175,0.8577641781829408,0.0,0.0,0.0,0.49932970785380043,0.9959854261636732,31,53,Random Forest,random_forest,none
0.12602202908986362,0.8576251131396873,1.0,0.018867924528301886,0.037037037037037035,0.5178608567590204,0.9961097888943344,32,53,Random Forest,random_forest,none
0.1716154331596498,0.8530882605952859,1.0,0.03773584905660377,0.07272727272727272,0.5357185729956466,0.9962303563727738,33,53,Random Forest,random_forest,none
0.15419167119834357,0.8418434937202501,1.0,0.03773584905660377,0.07272727272727272,0.5357185729956466,0.9962303563727738,34,53,Random Forest,random_forest,none
0.1550826025581992,0.8118641119478377,1.0,0.018867924528301886,0.037037037037037035,0.5178608567590204,0.9961097888943344,35,53,Random Forest,random_forest,none
0.20493162108320595,0.8753470652497006,1.0,0.018867924528301886,0.037037037037037035,0.5178608567590204,0.9961097888943344,36,53,Random Forest,random_forest,none
0.19438995552048627,0.8694098003102441,1.0,0.03773584905660377,0.07272727272727272,0.535718605629819,0.9962305467324426,37,53,Random Forest,random_forest,none
0.11774183977492497,0.8205439582496991,1.0,0.03773584905660377,0.07272727272727272,0.5357185729956466,0.9962303563727738,38,53,Random Forest,random_forest,none
0.21268399547027753,0.8756576054749479,1.0,0.03773584905660377,0.07272727272727272,0.5357185729956466,0.9962303563727738,39,53,Random Forest,random_forest,none
0.25027724905013193,0.8402199999426536,1.0,0.018867924528301886,0.037037037037037035,0.5178608567590204,0.9961097888943344,40,53,Random Forest,random_forest,none
0.12535037254282416,0.7999150317364588,1.0,0.03773584905660377,0.07272727272727272,0.535718605629819,0.9962305467324426,41,53,Random Forest,random_forest,none
0.1602878423870047,0.8733829507212745,1.0,0.018867924528301886,0.037037037037037035,0.5178608567590204,0.9961097888943344,42,53,Random Forest,random_forest,none
0.09186973947363877,0.8460988128691862,1.0,0.018867924528301886,0.037037037037037035,0.5178608234866456,0.9961095924369535,43,53,Random Forest,random_forest,none
0.12536696398607458,0.8360000764657529,0.0,0.0,0.0,0.49932967394328787,0.9959852234265146,44,53,Random Forest,random_forest,none
0.2705688304021806,0.8779333883221683,0.0,0.0,0.0,0.49932970785380043,0.9959854261636732,45,53,Random Forest,random_forest,none
0.16258877740897953,0.8386630449223099,0.0,0.0,0.0,0.49932970785380043,0.9959854261636732,46,53,Random Forest,random_forest,none
0.0931396479228748,0.8142296513433874,0.0,0.0,0.0,0.49932970785380043,0.9959854261636732,47,53,Random Forest,random_forest,none
0.18640742918200517,0.852675345529621,1.0,0.03773584905660377,0.07272727272727272,0.5357185729956466,0.9962303563727738,48,53,Random Forest,random_forest,none
0.13458996416927058,0.854643860755864,0.0,0.0,0.0,0.49932967394328787,0.9959852234265146,49,53,Random Forest,random_forest,none
0.128494268257825,0.8572595297785568,0.061224489795918366,0.22641509433962265,0.0963855421686747,0.5453330135917728,0.9918763003139084,0,53,Random Forest,random_forest,class_weight
0.11149481169589569,0.8045295061613938,0.04830917874396135,0.18867924528301888,0.07692307692307693,0.5354102772735808,0.9914422061662108,1,53,Random Forest,random_forest,class_weight
0.1563536626594591,0.8137775704811269,0.07111111111111111,0.3018867924528302,0.11510791366906475,0.5544249820189638,0.9913894379992008,2,53,Random Forest,random_forest,class_weight
0.18955352260887784,0.872143526218195,0.1032258064516129,0.3018867924528302,0.15384615384615385,0.574688326554851,0.9932767090191629,3,53,Random Forest,random_forest,class_weight
0.08543420717221947,0.8190347154518169,0.05641025641025641,0.20754716981132076,0.08870967741935484,0.5414822981636405,0.9918301274261451,4,53,Random Forest,random_forest,class_weight
0.20988192558862967,0.8593015398466748,0.09333333333333334,0.2641509433962264,0.13793103448275862,0.5667438592497581,0.9932603235325048,5,53,Random Forest,random_forest,class_weight
0.10384492061495855,0.8292529769954878,0.05454545454545454,0.22641509433962265,0.08791208791208792,0.5407893137004163,0.9912413103317496,6,53,Random Forest,random_forest,class_weight
0.19582514840275844,0.8699823086326417,0.09392265193370165,0.32075471698113206,0.1452991452991453,0.5701085348897516,0.9926430030245327,7,53,Random Forest,random_forest,class_weight
0.07430227272599989,0.8031403528894496,0.05759162303664921,0.20754716981132076,0.09016393442622951,0.5422605549819115,0.9919360043266148,8,53,Random Forest,random_forest,class_weight
0.08827652676673271,0.8117126417005983,0.034482758620689655,0.11320754716981132,0.05286343612334802,0.5237004494826959,0.9920159287938402,9,53,Random Forest,random_forest,class_weight
0.09909526156032063,0.822218006199147,0.06451612903225806,0.22641509433962265,0.100418410041841,0.5474772423280948,0.9921420038746122,10,53,Random Forest,random_forest,class_weight
0.11326114195340718,0.8523807839827655,0.06832298136645963,0.20754716981132076,0.102803738317757,0.5489637119993316,0.9927344284711332,11,53,Random Forest,random_forest,class_weight
0.15527301125748713,0.8009835865018021,0.058333333333333334,0.2641509433962264,0.09556313993174062,0.5444096396948435,0.9908524954761897,12,53,Random Forest,random_forest,class_weight
0.13581538562693446,0.8251935539370304,0.0625,0.22641509433962265,0.09795918367346938,0.546170817275844,0.991982085437818,13,53,Random Forest,random_forest,class_weight
0.1923419180189759,0.8245870849343351,0.06666666666666667,0.2641509433962264,0.10646387832699619,0.5502438660256398,0.9916472216474858,14,53,Random Forest,random_forest,class_weight
0.13414624405345138,0.8242681403419567,0.07537688442211055,0.2830188679245283,0.11904761904761904,0.5567019669368662,0.9920126065874422,15,53,Random Forest,random_forest,class_weight
0.17961982222019812,0.8315033456851129,0.055793991416309016,0.24528301886792453,0.09090909090909091,0.5421468257456248,0.990968111158461,16,53,Random Forest,random_forest,class_weight
0.20341491396132658,0.8550364006334866,0.07,0.2641509433962264,0.11067193675889328,0.5524759200764087,0.9919139732013577,17,53,Random Forest,random_forest,class_weight
0.022784979441632935,0.7736613714132783,0.04419889502762431,0.1509433962264151,0.06837606837606838,0.5314181622628461,0.9919804672367758,18,53,Random Forest,random_forest,class_weight
0.08564423033232518,0.8079787234042554,0.07027027027027027,0.24528301886792453,0.1092436974789916,0.5519279379943499,0.9922414146288095,19,53,Random Forest,random_forest,class_weight
0.09414320998216216,0.8431542245666284,0.06896551724137931,0.3018867924528302,0.11228070175438597,0.5529217670540751,0.9912031297710742,20,53,Random Forest,random_forest,class_weight
0.13900133256786956,0.7834236379988779,0.05405405405405406,0.18867924528301888,0.08403361344537816,0.5392467940162088,0.9920222360228025,21,53,Random Forest,random_forest,class_weight
0.15032084607325702,0.8277930329846991,0.08092485549132948,0.2641509433962264,0.12389380530973451,0.5594317865530432,0.9926373930357278,22,53,Random Forest,random_forest,class_weight
0.10445368133715176,0.8310255013285925,0.07643312101910828,0.22641509433962265,0.11428571428571428,0.5547810123643119,0.9929172692871305,23,53,Random Forest,random_forest,class_weight
0.14584437255362004,0.8753785054768596,0.06637168141592921,0.2830188679245283,0.10752688172043011,0.550596066092362,0.9912924250440229,24,53,Random Forest,random_forest,class_weight
0.14429386217910173,0.8291191687064466,0.06951871657754011,0.24528301886792453,0.10833333333333334,0.5514473416692081,0.9921884044213906,25,53,Random Forest,random_forest,class_weight
0.10041051228507529,0.8235642131642507,0.055,0.20754716981132076,0.08695652173913043,0.5405419446117795,0.9916983458200604,26,53,Random Forest,random_forest,class_weight
0.1876410518125576,0.846583061973309,0.1,0.3018867924528302,0.15023474178403756,0.5728189581936061,0.9931401693015977,27,53,Random Forest,random_forest,class_weight
0.07553449486391264,0.830906979411596,0.057803468208092484,0.18867924528301888,0.08849557522123894,0.5416309176919203,0.9923395261504815,28,53,Random Forest,random_forest,class_weight
0.11785611271622394,0.8043317849018372,0.05759162303664921,0.20754716981132076,0.09016393442622951,0.5422605549819115,0.9919360043266148,29,53,Random Forest,random_forest,class_weight
0.13955769341204832,0.8306699111990848,0.059113300492610835,0.22641509433962265,0.09375,0.5439257474829655,0.9916907326524423,30,53,Random Forest,random_forest,class_weight
0.17070954947494862,0.8286188212827819,0.05622489959839357,0.2641509433962264,0.09271523178807947,0.5428703685285661,0.9906148533293491,31,53,Random Forest,random_forest,class_weight
0.06461575354124685,0.8252597553411012,0.05555555555555555,0.20754716981132076,0.08764940239043825,0.5409139555867589,0.9917512054265671,32,53,Random Forest,random_forest,class_weight
0.14368189067137527,0.8148668540077613,0.06842105263157895,0.24528301886792453,0.10699588477366255,0.5507401455741835,0.9921079656307619,33,53,Random Forest,random_forest,class_weight
0.11601154683795178,0.8398902716445873,0.07246376811594203,0.2830188679245283,0.11538461538461539,0.5547680336751181,0.9917983654027553,34,53,Random Forest,random_forest,class_weight
0.10770932782617229,0.8306464947485025,0.0481283422459893,0.16981132075471697,0.075,0.5346790179932907,0.9918963821567698,35,53,Random Forest,random_forest,class_weight
0.14067076015956814,0.856449511743111,0.07,0.2641509433962264,0.11067193675889328,0.5524759200764087,0.9919139732013577,36,53,Random Forest,random_forest,class_weight
0.1805690682968682,0.852781253076396,0.09090909090909091,0.3018867924528302,0.13973799126637554,0.5673663914003566,0.9927047738312863,37,53,Random Forest,random_forest,class_weight
0.08354895600929978,0.7792916403815642,0.04954954954954955,0.20754716981132076,0.08,0.5367820711760067,0.9911178785443716,38,53,Random Forest,random_forest,class_weight
0.17518827532115042,0.855131807841563,0.08426966292134831,0.2830188679245283,0.12987012987012986,0.5623813868763684,0.9925763606894245,39,53,Random Forest,random_forest,class_weight
0.2061583887154906,0.8441941061271772,0.09574468085106383,0.33962264150943394,0.14937759336099585,0.5720837696136313,0.9925262874504448,40,53,Random Forest,random_forest,class_weight
0.11706258229012874,0.7878531702528881,0.05339805825242718,0.20754716981132076,0.08494208494208494,0.5394579986611312,0.9915399077901896,41,53,Random Forest,random_forest,class_weight
0.1194437558592931,0.8449362642446092,0.056179775280898875,0.18867924528301888,0.08658008658008658,0.5406094527978818,0.9922074199644955,42,53,Random Forest,random_forest,class_weight
0.07384631420358724,0.8084260480587258,0.04790419161676647,0.1509433962264151,0.07272727272727272,0.5337725679289466,0.9923487679307328,43,53,Random Forest,random_forest,class_weight
0.11402584021484814,0.827346542792147,0.05847953216374269,0.18867924528301888,0.08928571428571429,0.5420515254015839,0.9923925815041515,44,53,Random Forest,random_forest,class_weight
0.21064194949461756,0.8332007994089496,0.07111111111111111,0.3018867924528302,0.11510791366906475,0.5544249820189638,0.9913894379992008,45,53,Random Forest,random_forest,class_weight
0.09062777822111118,0.8245080394887376,0.06806282722513089,0.24528301886792453,0.10655737704918032,0.5505082533883559,0.9920817025833487,46,53,Random Forest,random_forest,class_weight
0.10958102829401647,0.7859119942882976,0.06403940886699508,0.24528301886792453,0.1015625,0.5478574220736296,0.9917623642675077,47,53,Random Forest,random_forest,class_weight
0.14236198488304788,0.85456882873583,0.08163265306122448,0.22641509433962265,0.12,0.5577657035494845,0.9931869840920352,48,53,Random Forest,random_forest,class_weight
0.10744013486590345,0.8390572728489228,0.06097560975609756,0.18867924528301888,0.09216589861751152,0.5435809807548174,0.9925785416115417,49,53,Random Forest,random_forest,class_weight
0.19942282227239888,0.8532328560519099,1.0,0.1320754716981132,0.23333333333333334,0.6160848006476422,0.996786573330481,0,53,Random Forest,random_forest,custom
0.21442548818002533,0.8263393015016157,1.0,0.05660377358490566,0.10714285714285714,0.55293902950232,0.9963478928656173,1,53,Random Forest,random_forest,custom
0.1648893678267888,0.8217950764284274,1.0,0.09433962264150944,0.1724137931034483,0.5855997627293108,0.9965730561512558,2,53,Random Forest,random_forest,custom
0.18779708554384184,0.9001194777389078,1.0,0.09433962264150944,0.1724137931034483,0.5855997320101334,0.9965728830865699,3,53,Random Forest,random_forest,custom
0.09360586796848702,0.8464467320448854,1.0,0.03773584905660377,0.07272727272727272,0.5357185729956466,0.9962303563727738,4,53,Random Forest,random_forest,custom
0.20421876135256206,0.8485825401209818,0.8333333333333334,0.09433962264150944,0.1694915254237288,0.5841259645889674,0.9965399707668605,5,53,Random Forest,random_forest,custom
0.11156686442169511,0.861111296955957,1.0,0.05660377358490566,0.10714285714285714,0.55293902950232,0.9963478928656173,6,53,Random Forest,random_forest,custom
0.2064122365944883,0.895061327206188,1.0,0.1320754716981132,0.23333333333333334,0.6160848006476422,0.996786573330481,7,53,Random Forest,random_forest,custom
0.12689939972630396,0.8066209783793084,1.0,0.07547169811320754,0.14035087719298245,0.5695556404735942,0.9964618282523747,8,53,Random Forest,random_forest,custom
0.13959760094019452,0.8330594903557569,0.8,0.07547169811320754,0.13793103448275862,0.5683330541772222,0.9964300865485104,9,53,Random Forest,random_forest,custom
0.090496203481634,0.8166238639437318,1.0,0.03773584905660377,0.07272727272727272,0.535718605629819,0.9962305467324426,10,53,Random Forest,random_forest,custom
0.15322801967169206,0.8802645198719645,0.8571428571428571,0.11320754716981132,0.2,0.5993928354584093,0.9966468591274584,11,53,Random Forest,random_forest,custom
0.16770583860617153,0.8071564496073205,1.0,0.09433962264150944,0.1724137931034483,0.5855997627293108,0.9965730561512558,12,53,Random Forest,random_forest,custom
0.15659787189202182,0.8337209191183499,1.0,0.09433962264150944,0.1724137931034483,0.5855997320101334,0.9965728830865699,13,53,Random Forest,random_forest,custom
0.21672628702392197,0.8745153982909905,1.0,0.16981132075471697,0.2903225806451613,0.644604666499081,0.9969894199071605,14,53,Random Forest,random_forest,custom
0.16282952319986344,0.844051217989951,1.0,0.11320754716981132,0.2033898305084746,0.6011004150139074,0.9966811964498458,15,53,Random Forest,random_forest,custom
0.21110714239162864,0.8740405228845626,1.0,0.1320754716981132,0.23333333333333334,0.6160848006476422,0.996786573330481,16,53,Random Forest,random_forest,custom
0.2277241460361116,0.8789737477694636,1.0,0.1320754716981132,0.23333333333333334,0.6160848006476422,0.996786573330481,17,53,Random Forest,random_forest,custom
0.06824114444077145,0.8005825734549139,1.0,0.018867924528301886,0.037037037037037035,0.5178608234866456,0.9961095924369535,18,53,Random Forest,random_forest,custom
0.09735353699954599,0.7941599281221923,1.0,0.05660377358490566,0.10714285714285714,0.5529389975064146,0.9963477084313557,19,53,Random Forest,random_forest,custom
0.15652178552927917,0.8600441758508535,1.0,0.09433962264150944,0.1724137931034483,0.5855997627293108,0.9965730561512558,20,53,Random Forest,random_forest,custom
0.17137894054000768,0.770233485906642,1.0,0.1320754716981132,0.23333333333333334,0.6160848006476422,0.996786573330481,21,53,Random Forest,random_forest,custom
0.1908669903615697,0.8416899795751205,1.0,0.1320754716981132,0.23333333333333334,0.6160848006476422,0.996786573330481,22,53,Random Forest,random_forest,custom
0.12215536398663356,0.8453609183536923,1.0,0.07547169811320754,0.14035087719298245,0.5695556404735942,0.9964618282523747,23,53,Random Forest,random_forest,custom
0.18766367618739688,0.90389067308979,0.8333333333333334,0.09433962264150944,0.1694915254237288,0.5841259332282203,0.996539796030576,24,53,Random Forest,random_forest,custom
0.21182169991769254,0.8593402486731475,0.8571428571428571,0.11320754716981132,0.2,0.5993928354584093,0.9966468591274584,25,53,Random Forest,random_forest,custom
0.16792690923727036,0.8599094117883191,1.0,0.09433962264150944,0.1724137931034483,0.5855997627293108,0.9965730561512558,26,53,Random Forest,random_forest,custom
0.20484852848519763,0.8847815054005981,1.0,0.09433962264150944,0.1724137931034483,0.5855997627293108,0.9965730561512558,27,53,Random Forest,random_forest,custom
0.05909444867695657,0.8266033912561411,1.0,0.03773584905660377,0.07272727272727272,0.5357185729956466,0.9962303563727738,28,53,Random Forest,random_forest,custom
0.13319040116378222,0.8218806751925981,1.0,0.09433962264150944,0.1724137931034483,0.5855997320101334,0.9965728830865699,29,53,Random Forest,random_forest,custom
0.11345462519083807,0.827622905302918,1.0,0.03773584905660377,0.07272727272727272,0.535718605629819,0.9962305467324426,30,53,Random Forest,random_forest,custom
0.24580487038995774,0.8583787405390372,1.0,0.1509433962264151,0.26229508196721313,0.630578309825158,0.9968893227617658,31,53,Random Forest,random_forest,custom
0.09558737447899507,0.8486226826076941,0.6666666666666666,0.03773584905660377,0.07142857142857142,0.5350565906824128,0.996201808580242,32,53,Random Forest,random_forest,custom
0.17486778409022533,0.8534753684693468,1.0,0.07547169811320754,0.14035087719298245,0.5695556404735942,0.9964618282523747,33,53,Random Forest,random_forest,custom
0.15744003767606887,0.8429943033014089,0.8,0.07547169811320754,0.13793103448275862,0.5683330541772222,0.9964300865485104,34,53,Random Forest,random_forest,custom
0.14700438868968307,0.832249804783264,0.5,0.05660377358490566,0.1016949152542373,0.550177063739087,0.9962575194008897,35,53,Random Forest,random_forest,custom
0.18646916808988062,0.858728075750784,1.0,0.11320754716981132,0.2033898305084746,0.6011004150139074,0.9966811964498458,36,53,Random Forest,random_forest,custom
0.20004773036995452,0.8771525213782636,1.0,0.09433962264150944,0.1724137931034483,0.5855997627293108,0.9965730561512558,37,53,Random Forest,random_forest,custom
0.09601044172563572,0.7910339125614114,1.0,0.03773584905660377,0.07272727272727272,0.5357185729956466,0.9962303563727738,38,53,Random Forest,random_forest,custom
0.22219439708969854,0.8619372598497448,1.0,0.11320754716981132,0.2033898305084746,0.6011003849331908,0.9966810288456543,39,53,Random Forest,random_forest,custom
0.211198443948737,0.8329370059248399,1.0,0.1509433962264151,0.26229508196721313,0.630578309825158,0.9968893227617658,40,53,Random Forest,random_forest,custom
0.1341453019525657,0.7953215843283732,1.0,0.05660377358490566,0.10714285714285714,0.55293902950232,0.9963478928656173,41,53,Random Forest,random_forest,custom
0.16441185214809664,0.8667049613246256,0.8333333333333334,0.09433962264150944,0.1694915254237288,0.5841259645889674,0.9965399707668605,42,53,Random Forest,random_forest,custom
0.11438548214386135,0.840220508114928,1.0,0.03773584905660377,0.07272727272727272,0.5357185729956466,0.9962303563727738,43,53,Random Forest,random_forest,custom
0.1261745950099345,0.8380918927185488,1.0,0.07547169811320754,0.14035087719298245,0.5695556404735942,0.9964618282523747,44,53,Random Forest,random_forest,custom
0.25558290025475155,0.8627614398918829,1.0,0.1509433962264151,0.26229508196721313,0.630578309825158,0.9968893227617658,45,53,Random Forest,random_forest,custom
0.13290097518947752,0.8340772437021695,0.8571428571428571,0.11320754716981132,0.2,0.5993928354584093,0.9966468591274584,46,53,Random Forest,random_forest,custom
0.1008824614551936,0.8049462234044078,1.0,0.05660377358490566,0.10714285714285714,0.55293902950232,0.9963478928656173,47,53,Random Forest,random_forest,custom
0.19080014442067553,0.8527336506662078,1.0,0.11320754716981132,0.2033898305084746,0.6011003849331908,0.9966810288456543,48,53,Random Forest,random_forest,custom
0.10387627629664753,0.8576900651870543,1.0,0.05660377358490566,0.10714285714285714,0.5529389975064146,0.9963477084313557,49,53,Random Forest,random_forest,custom
0.20729987339121805,0.8539229245139652,0.8888888888888888,0.1509433962264151,0.25806451612903225,0.6284503626033007,0.9968527343010574,0,53,XGBoost,xgboost,none
0.1785568730539249,0.8189000385176718,0.8,0.07547169811320754,0.13793103448275862,0.5683330861763654,0.9964302668242249,1,53,XGBoost,xgboost,none
0.20010899427717566,0.8335969675218609,0.7777777777777778,0.1320754716981132,0.22580645161290322,0.6122960305425746,0.9967158966619731,2,53,XGBoost,xgboost,none
0.23727957545986494,0.8710471984859781,1.0,0.1320754716981132,0.23333333333333334,0.6160847712054512,0.9967864110472329,3,53,XGBoost,xgboost,none
0.11150974530033071,0.8468142455697654,1.0,0.07547169811320754,0.14035087719298245,0.5695556404735942,0.9964618282523747,4,53,XGBoost,xgboost,none
0.22217879829746967,0.8646443136733911,0.7272727272727273,0.1509433962264151,0.25,0.6243927740107277,0.9967806155143756,5,53,XGBoost,xgboost,none
0.16800913115945057,0.8459909602943018,1.0,0.07547169811320754,0.14035087719298245,0.5695556718311678,0.9964620069244584,6,53,XGBoost,xgboost,none
0.25449195019303683,0.8691273692430178,1.0,0.1509433962264151,0.26229508196721313,0.630578309825158,0.9968893227617658,7,53,XGBoost,xgboost,none
0.14307432082277036,0.8233918296343026,1.0,0.09433962264150944,0.1724137931034483,0.5855997320101334,0.9965728830865699,8,53,XGBoost,xgboost,none
0.13049937723652888,0.8166853051939362,0.8,0.07547169811320754,0.13793103448275862,0.5683330541772222,0.9964300865485104,9,53,XGBoost,xgboost,none
0.15344851834794676,0.839569596080564,0.8,0.07547169811320754,0.13793103448275862,0.5683330861763654,0.9964302668242249,10,53,XGBoost,xgboost,none
0.18519906204929393,0.8958331143019079,0.75,0.11320754716981132,0.19672131147540983,0.5977408262540609,0.9966128181183673,11,53,XGBoost,xgboost,none
0.19098298638482514,0.8081600117751294,0.8571428571428571,0.11320754716981132,0.2,0.5993928354584093,0.9966468591274584,12,53,XGBoost,xgboost,none
0.19795560370946114,0.8246296190093862,0.8571428571428571,0.11320754716981132,0.2,0.5993928047361231,0.996646689788417,13,53,XGBoost,xgboost,none
0.201369851944688,0.8270999407390415,1.0,0.16981132075471697,0.2903225806451613,0.644604666499081,0.9969894199071605,14,53,XGBoost,xgboost,none
0.19332340454489136,0.8371524449163841,0.8571428571428571,0.11320754716981132,0.2,0.5993928354584093,0.9966468591274584,15,53,XGBoost,xgboost,none
0.2165218532799537,0.8595533861621203,0.8888888888888888,0.1509433962264151,0.25806451612903225,0.6284503626033007,0.9968527343010574,16,53,XGBoost,xgboost,none
0.26204750206580424,0.8964180476797164,1.0,0.1509433962264151,0.26229508196721313,0.630578309825158,0.9968893227617658,17,53,XGBoost,xgboost,none
0.04360279772325772,0.7782693888474701,1.0,0.018867924528301886,0.037037037037037035,0.5178608234866456,0.9961095924369535,18,53,XGBoost,xgboost,none
0.1353093342439837,0.8095195083252089,1.0,0.07547169811320754,0.14035087719298245,0.5695556404735942,0.9964618282523747,19,53,XGBoost,xgboost,none
0.17449532450936397,0.8799720531830603,0.8333333333333334,0.09433962264150944,0.1694915254237288,0.5841259645889674,0.9965399707668605,20,53,XGBoost,xgboost,none
0.17065433761474105,0.8159925755515052,0.7,0.1320754716981132,0.2222222222222222,0.6104912502635462,0.9966810362632224,21,53,XGBoost,xgboost,none
0.19652265541270197,0.8358697968885749,1.0,0.1509433962264151,0.26229508196721313,0.630578309825158,0.9968893227617658,22,53,XGBoost,xgboost,none
0.14161301439276047,0.8533200474087669,0.8333333333333334,0.09433962264150944,0.1694915254237288,0.5841259332282203,0.996539796030576,23,53,XGBoost,xgboost,none
0.22164058214556326,0.8949953164726347,1.0,0.1320754716981132,0.23333333333333334,0.6160847712054512,0.9967864110472329,24,53,XGBoost,xgboost,none
0.22272323003274136,0.8531573499459509,0.9,0.16981132075471697,0.2857142857142857,0.6422878828950935,0.9969519720784696,25,53,XGBoost,xgboost,none
0.19202038611924427,0.8642792081990074,1.0,0.11320754716981132,0.2033898305084746,0.6011004150139074,0.9966811964498458,26,53,XGBoost,xgboost,none
0.22785726863482267,0.864586011490309,1.0,0.1509433962264151,0.26229508196721313,0.630578309825158,0.9968893227617658,27,53,XGBoost,xgboost,none
0.09592077546780452,0.8384340769627803,1.0,0.03773584905660377,0.07272727272727272,0.5357185729956466,0.9962303563727738,28,53,XGBoost,xgboost,none
0.13292530943768632,0.8312654126283192,0.8333333333333334,0.09433962264150944,0.1694915254237288,0.5841259332282203,0.996539796030576,29,53,XGBoost,xgboost,none
0.17768711228059011,0.8589684527843116,1.0,0.07547169811320754,0.14035087719298245,0.5695556718311678,0.9964620069244584,30,53,XGBoost,xgboost,none
0.2371768827082611,0.8582879420571878,1.0,0.1320754716981132,0.23333333333333334,0.6160848006476422,0.996786573330481,31,53,XGBoost,xgboost,none
0.1297544218502462,0.8413119711585791,0.5,0.03773584905660377,0.07017543859649122,0.5344173593275896,0.9961731911631897,32,53,XGBoost,xgboost,none
0.18790429699941366,0.8392441360325744,0.875,0.1320754716981132,0.22950819672131148,0.6141595379558487,0.9967509063630802,33,53,XGBoost,xgboost,none
0.1885661094650265,0.8459334556785381,0.8571428571428571,0.11320754716981132,0.2,0.5993928047361231,0.996646689788417,34,53,XGBoost,xgboost,none
0.1950215863552948,0.8487345081063928,0.6666666666666666,0.07547169811320754,0.13559322033898305,0.5671515141640272,0.996398745083875,35,53,XGBoost,xgboost,none
0.18647167253366634,0.8595940065355792,1.0,0.1320754716981132,0.23333333333333334,0.6160848006476422,0.996786573330481,36,53,XGBoost,xgboost,none
0.20545949318964146,0.8722011367969927,1.0,0.1509433962264151,0.26229508196721313,0.630578309825158,0.9968893227617658,37,53,XGBoost,xgboost,none
0.1173277100781169,0.8045774311330314,0.8,0.07547169811320754,0.13793103448275862,0.5683330541772222,0.9964300865485104,38,53,XGBoost,xgboost,none
0.2514540430924918,0.8771529888551166,1.0,0.1320754716981132,0.23333333333333334,0.6160847712054512,0.9967864110472329,39,53,XGBoost,xgboost,none
0.2706685340904759,0.8724209647004175,0.875,0.1320754716981132,0.22950819672131148,0.6141595680396094,0.9967510704400665,40,53,XGBoost,xgboost,none
0.1561828902465398,0.7905451062963491,1.0,0.09433962264150944,0.1724137931034483,0.5855997627293108,0.9965730561512558,41,53,XGBoost,xgboost,none
0.18569916199655231,0.8500458293389965,0.7777777777777778,0.1320754716981132,0.22580645161290322,0.6122960305425746,0.9967158966619731,42,53,XGBoost,xgboost,none
0.09299306062983663,0.8412857716350289,0.75,0.05660377358490566,0.10526315789473684,0.5519864829419041,0.996317413079002,43,53,XGBoost,xgboost,none
0.1466816769936957,0.843369463401579,0.7142857142857143,0.09433962264150944,0.16666666666666666,0.5827008382667949,0.9965069685296011,44,53,XGBoost,xgboost,none
0.2797187622993511,0.8716166813059306,0.9090909090909091,0.18867924528301888,0.3125,0.6556933761765004,0.9970488975548444,45,53,XGBoost,xgboost,none
0.1594371844545607,0.8338846553432995,0.75,0.11320754716981132,0.19672131147540983,0.5977408262540609,0.9966128181183673,46,53,XGBoost,xgboost,none
0.13560955874404612,0.7925885500247067,0.75,0.05660377358490566,0.10526315789473684,0.5519865155793787,0.9963175990438239,47,53,XGBoost,xgboost,none
0.1995972633999444,0.8667426545086119,1.0,0.1320754716981132,0.23333333333333334,0.6160847712054512,0.9967864110472329,48,53,XGBoost,xgboost,none
0.11713825760658204,0.8687049568924319,1.0,0.05660377358490566,0.10714285714285714,0.5529389975064146,0.9963477084313557,49,53,XGBoost,xgboost,none
0.18536684170184808,0.8537594872466364,0.08064516129032258,0.2830188679245283,0.12552301255230125,0.5601057844026596,0.9923612967897393,0,53,XGBoost,xgboost,class_weight
0.15660785799957164,0.8106044024838642,0.08695652173913043,0.33962264150943394,0.13846153846153847,0.5663829254553421,0.9920127257551301,1,53,XGBoost,xgboost,class_weight
0.17675183448531465,0.8146817322056481,0.07253886010362694,0.2641509433962264,0.11382113821138211,0.5541399931309059,0.992100870955276,2,53,XGBoost,xgboost,class_weight
0.20423172301711426,0.8339766014796123,0.0918918918918919,0.32075471698113206,0.14285714285714285,0.5688363176926763,0.9925341914352696,3,53,XGBoost,xgboost,class_weight
0.10565271010832727,0.8287229263443636,0.06470588235294118,0.20754716981132076,0.09865470852017937,0.546774195202091,0.9924938099298632,4,53,XGBoost,xgboost,class_weight
0.19306240803058344,0.8609115402958883,0.07246376811594203,0.2830188679245283,0.11538461538461539,0.5547681823871815,0.9917987809092852,5,53,XGBoost,xgboost,class_weight
0.14046874988187086,0.8122282616487284,0.07446808510638298,0.2641509433962264,0.11618257261410789,0.555384599647334,0.9922346303753402,6,53,XGBoost,xgboost,class_weight
0.2114654320035687,0.8448330407073489,0.07853403141361257,0.2830188679245283,0.12295081967213115,0.5587558083720559,0.992226992444205,7,53,XGBoost,xgboost,class_weight
0.12000650088456084,0.8072068972109118,0.06951871657754011,0.24528301886792453,0.10833333333333334,0.551447203442959,0.992188008821032,8,53,XGBoost,xgboost,class_weight
0.11390668101737798,0.8103376918812487,0.07009345794392523,0.2830188679245283,0.11235955056179775,0.5531659651636528,0.9916116724473754,9,53,XGBoost,xgboost,class_weight
0.11508744552820364,0.8509112822370452,0.06372549019607843,0.24528301886792453,0.10116731517509728,0.5476470427036149,0.9917358006899466,10,53,XGBoost,xgboost,class_weight
0.1614005016143819,0.8426500540489911,0.0707070707070707,0.2641509433962264,0.11155378486055777,0.5529424108988962,0.9919673310485783,11,53,XGBoost,xgboost,class_weight
0.15095790047494087,0.7883372695271693,0.08426966292134831,0.2830188679245283,0.12987012987012986,0.5623815166463234,0.9925767365538558,12,53,XGBoost,xgboost,class_weight
0.16343028495859416,0.8132257077861254,0.096045197740113,0.32075471698113206,0.14782608695652175,0.5714229530219137,0.9927512762790941,13,53,XGBoost,xgboost,class_weight
0.1885363731934978,0.7945021123664239,0.06666666666666667,0.24528301886792453,0.10483870967741936,0.5495976557182664,0.9919747269407264,14,53,XGBoost,xgboost,class_weight
0.1730030372705547,0.8088605937456093,0.06372549019607843,0.24528301886792453,0.10116731517509728,0.5476470427036149,0.9917358006899466,15,53,XGBoost,xgboost,class_weight
0.19667836268509364,0.8459632428630004,0.06637168141592921,0.2830188679245283,0.10752688172043011,0.5505962272450124,0.9912928663623195,16,53,XGBoost,xgboost,class_weight
0.20744291159703063,0.8626333662438006,0.0851063829787234,0.3018867924528302,0.13278008298755187,0.5637341846304826,0.9923804589128926,17,53,XGBoost,xgboost,class_weight
0.04303438651261309,0.7661452658140735,0.03428571428571429,0.11320754716981132,0.05263157894736842,0.5235717476016378,0.9919898297668782,18,53,XGBoost,xgboost,class_weight
0.09985575212004558,0.8041172028827589,0.07006369426751592,0.20754716981132076,0.10476190476190476,0.5499937114219926,0.9928411108923684,19,53,XGBoost,xgboost,class_weight
0.0989592523236321,0.8391156036713172,0.06635071090047394,0.2641509433962264,0.10606060606060606,0.5500295909969392,0.9916210518146884,20,53,XGBoost,xgboost,class_weight
0.16774180409934566,0.7892519447601153,0.07926829268292683,0.24528301886792453,0.11981566820276497,0.5574821908614342,0.9928049400836169,21,53,XGBoost,xgboost,class_weight
0.16324877991831097,0.8137971638377364,0.06629834254143646,0.22641509433962265,0.10256410256410256,0.5486139616342391,0.9922751531757592,22,53,XGBoost,xgboost,class_weight
0.13073520191316151,0.8183001663130125,0.060109289617486336,0.20754716981132076,0.09322033898305085,0.5438909827062649,0.9921480919357357,23,53,XGBoost,xgboost,class_weight
0.1758172660785464,0.8836239031943568,0.07777777777777778,0.2641509433962264,0.12017167381974249,0.5574812070214257,0.9924487602039415,24,53,XGBoost,xgboost,class_weight
0.211548703721639,0.8226619629867158,0.0945273631840796,0.3584905660377358,0.14960629921259844,0.5720574334319971,0.9922462750259912,25,53,XGBoost,xgboost,class_weight
0.15116948368621183,0.8403638438533729,0.05853658536585366,0.22641509433962265,0.09302325581395349,0.5435367995316907,0.9916377719836869,26,53,XGBoost,xgboost,class_weight
0.21127602426814382,0.8240879770384976,0.09550561797752809,0.32075471698113206,0.1471861471861472,0.5710903421857001,0.9927244631896002,27,53,XGBoost,xgboost,class_weight
0.08279725346602693,0.8372694079639083,0.07650273224043716,0.2641509433962264,0.11864406779661017,0.5566790859948744,0.9923682388908086,28,53,XGBoost,xgboost,class_weight
0.12771240148587415,0.8251256905813309,0.06282722513089005,0.22641509433962265,0.09836065573770492,0.5463843337658583,0.9920086529362848,29,53,XGBoost,xgboost,class_weight
0.13600946867587208,0.8267650985928148,0.07650273224043716,0.2641509433962264,0.11864406779661017,0.5566792203183091,0.9923686253323137,30,53,XGBoost,xgboost,class_weight
0.18591474385688705,0.8482900734320775,0.09183673469387756,0.33962264150943394,0.14457831325301204,0.5695819195335449,0.9923095642971668,31,53,XGBoost,xgboost,class_weight
0.08856592003152312,0.8071325552699917,0.07303370786516854,0.24528301886792453,0.11255411255411256,0.5536726911069467,0.9924290099181117,32,53,XGBoost,xgboost,class_weight
0.18851466440640927,0.8377855517959895,0.0673076923076923,0.2641509433962264,0.10727969348659004,0.5506773546898939,0.9917004313386809,33,53,XGBoost,xgboost,class_weight
0.16828174411165683,0.8285714285714285,0.07065217391304347,0.24528301886792453,0.10970464135021098,0.5521711851951695,0.9922681310182231,34,53,XGBoost,xgboost,class_weight
0.14983677492519135,0.8346435394968618,0.08092485549132948,0.2641509433962264,0.12389380530973451,0.5594317865530432,0.9926373930357278,35,53,XGBoost,xgboost,class_weight
0.17604735554690543,0.8264219759087734,0.07623318385650224,0.32075471698113206,0.12318840579710146,0.5585162623206101,0.9915128693345961,36,53,XGBoost,xgboost,class_weight
0.1821813756704902,0.8293906083785016,0.08196721311475409,0.2830188679245283,0.1271186440677966,0.5609419201229409,0.9924420039348879,37,53,XGBoost,xgboost,class_weight
0.10725502388356356,0.800234176368259,0.046948356807511735,0.18867924528301888,0.07518796992481203,0.5344658059186624,0.9912840122143696,38,53,XGBoost,xgboost,class_weight
0.20667851642723514,0.8686614669954694,0.096045197740113,0.32075471698113206,0.14782608695652175,0.5714229530219137,0.9927512762790941,39,53,XGBoost,xgboost,class_weight
0.24373837036725593,0.8639599798522948,0.09950248756218906,0.37735849056603776,0.15748031496062992,0.5760198646039231,0.9923180687757507,40,53,XGBoost,xgboost,class_weight
0.1401470342110356,0.7925550979524464,0.06282722513089005,0.22641509433962265,0.09836065573770492,0.546384475896506,0.9920090576529208,41,53,XGBoost,xgboost,class_weight
0.127057284166222,0.833894213078231,0.08056872037914692,0.32075471698113206,0.12878787878787878,0.5614695166495594,0.9918340759210945,42,53,XGBoost,xgboost,class_weight
0.08678104177389041,0.7865372483798818,0.05741626794258373,0.22641509433962265,0.0916030534351145,0.5427753849211988,0.9915314951605028,43,53,XGBoost,xgboost,class_weight
0.11858472720500929,0.8334743170652446,0.06547619047619048,0.20754716981132076,0.09954751131221719,0.5472461295923464,0.9925471298490482,44,53,XGBoost,xgboost,class_weight
0.2512308413854338,0.8321843342989832,0.08256880733944955,0.33962264150943394,0.13284132841328414,0.5634321350716623,0.9917170598716093,45,53,XGBoost,xgboost,class_weight
0.1447527295488702,0.8303798339439133,0.07344632768361582,0.24528301886792453,0.11304347826086956,0.5539301440290577,0.9924557919852105,46,53,XGBoost,xgboost,class_weight
0.10881387105354227,0.7827593754211377,0.049773755656108594,0.20754716981132076,0.08029197080291971,0.5369410202490968,0.9911446418261574,47,53,XGBoost,xgboost,class_weight
0.16252516849791462,0.8537965246315308,0.08187134502923976,0.2641509433962264,0.125,0.5600102891113257,0.9926909116412437,48,53,XGBoost,xgboost,class_weight
0.10520056512161664,0.8580226912121733,0.07142857142857142,0.22641509433962265,0.1085972850678733,0.5517964197471972,0.9926220330666459,49,53,XGBoost,xgboost,class_weight
0.22101784710117336,0.8545685495085891,0.8181818181818182,0.16981132075471697,0.28125,0.640043075093614,0.9969147565346098,0,53,XGBoost,xgboost,custom
0.1862272027822531,0.8211972401084611,0.6153846153846154,0.1509433962264151,0.24242424242424243,0.620579562131103,0.9967098003037145,1,53,XGBoost,xgboost,custom
0.19642461270212608,0.8311707365094962,0.7777777777777778,0.1320754716981132,0.22580645161290322,0.6122960305425746,0.9967158966619731,2,53,XGBoost,xgboost,custom
0.18941880349529508,0.8927625164879279,0.7777777777777778,0.1320754716981132,0.22580645161290322,0.6122959998171793,0.9967157308078115,3,53,XGBoost,xgboost,custom
0.08975780171857885,0.8415572250578273,0.6,0.05660377358490566,0.10344827586206896,0.5510663763443112,0.9962872900104507,4,53,XGBoost,xgboost,custom
0.20013500548987637,0.8634104100937328,0.8,0.1509433962264151,0.25396825396825395,0.6263895665793199,0.996816504170846,5,53,XGBoost,xgboost,custom
0.1531509853425423,0.8357981138765886,1.0,0.07547169811320754,0.14035087719298245,0.5695556718311678,0.9964620069244584,6,53,XGBoost,xgboost,custom
0.23493715225474976,0.9044518017764006,0.9,0.16981132075471697,0.2857142857142857,0.6422878828950935,0.9969519720784696,7,53,XGBoost,xgboost,custom
0.15322795949605117,0.8052030165739519,0.625,0.09433962264150944,0.16393442622950818,0.5813220518244315,0.9964743877556826,8,53,XGBoost,xgboost,custom
0.15421827009320288,0.8232078339163847,0.5454545454545454,0.11320754716981132,0.1875,0.593092138555741,0.9965121573374758,9,53,XGBoost,xgboost,custom
0.11127673227982021,0.8467508002213571,0.4444444444444444,0.07547169811320754,0.12903225806451613,0.5638330343603966,0.9963053837447197,10,53,XGBoost,xgboost,custom
0.17660094376797347,0.8683316878099693,0.75,0.11320754716981132,0.19672131147540983,0.5977408262540609,0.9966128181183673,11,53,XGBoost,xgboost,custom
0.16472274163805775,0.8042833944869074,0.5555555555555556,0.09433962264150944,0.16129032258064516,0.5799873664211226,0.996442221383804,12,53,XGBoost,xgboost,custom
0.1714261992721412,0.8389143774731892,0.75,0.11320754716981132,0.19672131147540983,0.5977407948901401,0.9966126470593815,13,53,XGBoost,xgboost,custom
0.20002204857097083,0.8232589703886373,1.0,0.16981132075471697,0.2903225806451613,0.644604666499081,0.9969894199071605,14,53,XGBoost,xgboost,custom
0.18484658790991088,0.8416321552787848,0.875,0.1320754716981132,0.22950819672131148,0.6141595680396094,0.9967510704400665,15,53,XGBoost,xgboost,custom
0.21127780893020154,0.8757188611385365,0.8,0.1509433962264151,0.25396825396825395,0.6263895665793199,0.996816504170846,16,53,XGBoost,xgboost,custom
0.23518729969367083,0.9022157696891729,0.8181818181818182,0.16981132075471697,0.28125,0.640043075093614,0.9969147565346098,17,53,XGBoost,xgboost,custom
0.041322604931395425,0.777984553917914,0.3333333333333333,0.018867924528301886,0.03571428571428571,0.5171741173069279,0.996055525105864,18,53,XGBoost,xgboost,custom
0.12018884371499285,0.8076312821395117,0.75,0.05660377358490566,0.10526315789473684,0.5519864829419041,0.996317413079002,19,53,XGBoost,xgboost,custom
0.13568161969046594,0.8680029017283251,0.7142857142857143,0.09433962264150944,0.16666666666666666,0.5827008702691763,0.9965071449244359,20,53,XGBoost,xgboost,custom
0.18120792072316164,0.7978997833261492,0.6666666666666666,0.1509433962264151,0.24615384615384617,0.6224570308622632,0.9967450525122238,21,53,XGBoost,xgboost,custom
0.19410952900295678,0.8424397838804977,0.8888888888888888,0.1509433962264151,0.25806451612903225,0.6284503626033007,0.9968527343010574,22,53,XGBoost,xgboost,custom
0.1431984507584645,0.8238702185008889,1.0,0.11320754716981132,0.2033898305084746,0.6011003849331908,0.9966810288456543,23,53,XGBoost,xgboost,custom
0.19488314199605197,0.9141767505878304,0.6666666666666666,0.1509433962264151,0.24615384615384617,0.6224569994919935,0.9967448881277793,24,53,XGBoost,xgboost,custom
0.24083258435099103,0.8568581049114332,0.8571428571428571,0.22641509433962265,0.3582089552238806,0.6785604630374102,0.9971964378698227,25,53,XGBoost,xgboost,custom
0.1797609409224534,0.8611977944570872,0.8571428571428571,0.11320754716981132,0.2,0.5993928354584093,0.9966468591274584,26,53,XGBoost,xgboost,custom
0.20721987376619685,0.8671866711651739,1.0,0.1320754716981132,0.23333333333333334,0.6160848006476422,0.996786573330481,27,53,XGBoost,xgboost,custom
0.06801398068070041,0.8289193477471278,0.2857142857142857,0.03773584905660377,0.06666666666666667,0.5326249388588102,0.9960878047531533,28,53,XGBoost,xgboost,custom
0.1389502921329305,0.8335942727151078,0.5555555555555556,0.09433962264150944,0.16129032258064516,0.5799873331352775,0.9964420417084623,29,53,XGBoost,xgboost,custom
0.16066999738732865,0.8484860069981734,0.625,0.09433962264150944,0.16393442622950818,0.5813220844685123,0.9964745657966679,30,53,XGBoost,xgboost,custom
0.22664908607928932,0.8665787992235296,0.8181818181818182,0.16981132075471697,0.28125,0.640043075093614,0.9969147565346098,31,53,XGBoost,xgboost,custom
0.11148276526605072,0.8449362642446091,0.5555555555555556,0.09433962264150944,0.16129032258064516,0.5799873664211226,0.996442221383804,32,53,XGBoost,xgboost,custom
0.19080242139051645,0.8530806140199959,0.6363636363636364,0.1320754716981132,0.21875,0.6087424409189819,0.9966463051321883,33,53,XGBoost,xgboost,custom
0.178138481559756,0.8410979526294661,0.8333333333333334,0.09433962264150944,0.1694915254237288,0.5841259332282203,0.996539796030576,34,53,XGBoost,xgboost,custom
0.15838516064508257,0.8485777612535161,0.6666666666666666,0.11320754716981132,0.1935483870967742,0.5961416984818486,0.9965790590228886,35,53,XGBoost,xgboost,custom
0.1798409100987398,0.8532572282759854,0.7777777777777778,0.1320754716981132,0.22580645161290322,0.6122960305425746,0.9967158966619731,36,53,XGBoost,xgboost,custom
0.17712144927397652,0.8658165698627414,0.75,0.11320754716981132,0.19672131147540983,0.5977408262540609,0.9966128181183673,37,53,XGBoost,xgboost,custom
0.12222910674695173,0.8027498996386992,0.8,0.07547169811320754,0.13793103448275862,0.5683330541772222,0.9964300865485104,38,53,XGBoost,xgboost,custom
0.25186040134027227,0.8743992659287722,0.9,0.16981132075471697,0.2857142857142857,0.6422878540885777,0.9969518181458044,39,53,XGBoost,xgboost,custom
0.23963151634563434,0.8550387900672195,0.7857142857142857,0.20754716981132076,0.3283582089552239,0.6636097868996155,0.9970660396312099,40,53,XGBoost,xgboost,custom
0.16339602280411503,0.8194395726545558,0.8,0.07547169811320754,0.13793103448275862,0.5683330861763654,0.9964302668242249,41,53,XGBoost,xgboost,custom
0.2023702291930405,0.8619060226155125,0.6923076923076923,0.16981132075471697,0.2727272727272727,0.635756379645859,0.9968414082915659,42,53,XGBoost,xgboost,custom
0.09650283188604877,0.828499741928084,0.6,0.05660377358490566,0.10344827586206896,0.5510663763443112,0.9962872900104507,43,53,XGBoost,xgboost,custom
0.14747531703675595,0.8581913937795109,0.8333333333333334,0.09433962264150944,0.1694915254237288,0.5841259332282203,0.996539796030576,44,53,XGBoost,xgboost,custom
0.2648951737132766,0.8531262873074236,0.8333333333333334,0.18867924528301888,0.3076923076923077,0.6532768650775886,0.9970107625112258,45,53,XGBoost,xgboost,custom
0.14568557945223468,0.8268401268120271,0.6,0.11320754716981132,0.19047619047619047,0.5945929339477727,0.9965455683555986,46,53,XGBoost,xgboost,custom
0.14366323022184996,0.7983098101547111,1.0,0.07547169811320754,0.14035087719298245,0.5695556718311678,0.9964620069244584,47,53,XGBoost,xgboost,custom
0.19805163182562122,0.8638479478503566,0.875,0.1320754716981132,0.22950819672131148,0.6141595379558487,0.9967509063630802,48,53,XGBoost,xgboost,custom
0.11016265049528716,0.8686031618588825,0.8,0.07547169811320754,0.13793103448275862,0.5683330541772222,0.9964300865485104,49,53,XGBoost,xgboost,custom
0.20144397838897937,0.8436842009685809,1.0,0.1509433962264151,0.26229508196721313,0.630578309825158,0.9968893227617658,0,53,LightGBM,lightgbm,none
0.15049327819153277,0.8230179886129145,0.5,0.11320754716981132,0.18461538461538463,0.5916371966469378,0.9964793425132216,1,53,LightGBM,lightgbm,none
0.19756362229802837,0.8000349813098494,0.7,0.1320754716981132,0.2222222222222222,0.6104912502635462,0.9966810362632224,2,53,LightGBM,lightgbm,none
0.19903377707190384,0.8526877712144674,0.875,0.1320754716981132,0.22950819672131148,0.6141595379558487,0.9967509063630802,3,53,LightGBM,lightgbm,none
0.1015879748784818,0.836305461566401,0.8,0.07547169811320754,0.13793103448275862,0.5683330541772222,0.9964300865485104,4,53,LightGBM,lightgbm,none
0.22254352969582128,0.8324911375902848,0.6923076923076923,0.16981132075471697,0.2727272727272727,0.635756379645859,0.9968414082915659,5,53,LightGBM,lightgbm,none
0.1347239385810026,0.8361722991991575,0.8333333333333334,0.09433962264150944,0.1694915254237288,0.5841259645889674,0.9965399707668605,6,53,LightGBM,lightgbm,none
0.22256277525297186,0.853229510844684,0.75,0.16981132075471697,0.27692307692307694,0.6378669479699259,0.9968779075117248,7,53,LightGBM,lightgbm,none
0.11830570496871633,0.8099027929116246,0.5555555555555556,0.09433962264150944,0.16129032258064516,0.5799873331352775,0.9964420417084623,8,53,LightGBM,lightgbm,none
0.09872769492673172,0.8146685209611745,0.5,0.07547169811320754,0.13114754098360656,0.564903308758723,0.996336128451984,9,53,LightGBM,lightgbm,none
0.1304882491790529,0.822780956786613,0.375,0.05660377358490566,0.09836065573770492,0.5484846008974151,0.9961980611532693,10,53,LightGBM,lightgbm,none
0.16992727315874015,0.860514416409484,0.7777777777777778,0.1320754716981132,0.22580645161290322,0.6122960305425746,0.9967158966619731,11,53,LightGBM,lightgbm,none
0.16924243132360012,0.8024339727776595,0.6363636363636364,0.1320754716981132,0.21875,0.6087424729278413,0.9966464744941412,12,53,LightGBM,lightgbm,none
0.20701383756281241,0.8275090325170614,0.8571428571428571,0.11320754716981132,0.2,0.5993928047361231,0.996646689788417,13,53,LightGBM,lightgbm,none
0.20343122972948968,0.796536579304544,0.8888888888888888,0.1509433962264151,0.25806451612903225,0.6284503331581301,0.996852575357486,14,53,LightGBM,lightgbm,none
0.19565145163207961,0.8244349228165117,0.8,0.1509433962264151,0.25396825396825395,0.6263895665793199,0.996816504170846,15,53,LightGBM,lightgbm,none
0.20822668608159225,0.8207246101160979,0.6153846153846154,0.1509433962264151,0.24242424242424243,0.620579562131103,0.9967098003037145,16,53,LightGBM,lightgbm,none
0.20356845319581013,0.875159733645043,0.9,0.16981132075471697,0.2857142857142857,0.6422878828950935,0.9969519720784696,17,53,LightGBM,lightgbm,none
0.04109798499369019,0.7752891361281566,0.25,0.018867924528301886,0.03508771929824561,0.516848167878524,0.996028582732257,18,53,LightGBM,lightgbm,none
0.09126785936889587,0.8229167861444056,1.0,0.05660377358490566,0.10714285714285714,0.5529389975064146,0.9963477084313557,19,53,LightGBM,lightgbm,none
0.14833070288365555,0.8209979613351391,0.5,0.11320754716981132,0.18461538461538463,0.5916371966469378,0.9964793425132216,20,53,LightGBM,lightgbm,none
0.18713351982193205,0.8064979216705391,0.875,0.1320754716981132,0.22950819672131148,0.6141595680396094,0.9967510704400665,21,53,LightGBM,lightgbm,none
0.18204358198489506,0.8212636663662352,0.7272727272727273,0.1509433962264151,0.25,0.6243927740107277,0.9967806155143756,22,53,LightGBM,lightgbm,none
0.12316073567358052,0.8008134044464834,0.625,0.09433962264150944,0.16393442622950818,0.5813220518244315,0.9964743877556826,23,53,LightGBM,lightgbm,none
0.1650977503998989,0.8803349199977061,0.6363636363636364,0.1320754716981132,0.21875,0.6087424409189819,0.9966463051321883,24,53,LightGBM,lightgbm,none
0.16962707588153775,0.8421793356036139,0.6,0.16981132075471697,0.2647058823529412,0.6317203500833531,0.9967693973035388,25,53,LightGBM,lightgbm,none
0.15234553817231258,0.8456540501379658,0.625,0.09433962264150944,0.16393442622950818,0.5813220844685123,0.9964745657966679,26,53,LightGBM,lightgbm,none
0.20454331401640904,0.8243097164889088,0.8888888888888888,0.1509433962264151,0.25806451612903225,0.6284503626033007,0.9968527343010574,27,53,LightGBM,lightgbm,none
0.08317876885432515,0.8271051977595535,0.6666666666666666,0.03773584905660377,0.07142857142857142,0.5350565574066712,0.9962016167686099,28,53,LightGBM,lightgbm,none
0.12771306293015094,0.8063294526963736,0.625,0.09433962264150944,0.16393442622950818,0.5813220518244315,0.9964743877556826,29,53,LightGBM,lightgbm,none
0.16283662825513848,0.8494886133924893,1.0,0.07547169811320754,0.14035087719298245,0.5695556718311678,0.9964620069244584,30,53,LightGBM,lightgbm,none
0.22411337711163956,0.8384499074333372,0.8888888888888888,0.1509433962264151,0.25806451612903225,0.6284503626033007,0.9968527343010574,31,53,LightGBM,lightgbm,none
0.11348978882762731,0.8065562238536214,0.6,0.05660377358490566,0.10344827586206896,0.55106640962342,0.9962874774971938,32,53,LightGBM,lightgbm,none
0.18160227292568104,0.8296935634952496,0.7272727272727273,0.1509433962264151,0.25,0.6243927432822225,0.9967804529269007,33,53,LightGBM,lightgbm,none
0.16541886567889405,0.8212909330733498,0.625,0.09433962264150944,0.16393442622950818,0.5813220518244315,0.9964743877556826,34,53,LightGBM,lightgbm,none
0.18157160558031626,0.8353054126408691,0.5,0.11320754716981132,0.18461538461538463,0.5916371966469378,0.9964793425132216,35,53,LightGBM,lightgbm,none
0.18294115356665364,0.8418519831822097,0.7777777777777778,0.1320754716981132,0.22580645161290322,0.6122960305425746,0.9967158966619731,36,53,LightGBM,lightgbm,none
0.19351372078144657,0.8413062365176202,0.8,0.1509433962264151,0.25396825396825395,0.6263895665793199,0.996816504170846,37,53,LightGBM,lightgbm,none
0.10929710022512067,0.7620615166982088,0.5,0.07547169811320754,0.13114754098360656,0.564903308758723,0.996336128451984,38,53,LightGBM,lightgbm,none
0.2156965996135141,0.8650178738697405,0.7272727272727273,0.1509433962264151,0.25,0.6243927432822225,0.9967804529269007,39,53,LightGBM,lightgbm,none
0.2704925564178406,0.8692888949633604,0.8333333333333334,0.18867924528301888,0.3076923076923077,0.6532768650775886,0.9970107625112258,40,53,LightGBM,lightgbm,none
0.17999697634662046,0.7696480746420867,0.875,0.1320754716981132,0.22950819672131148,0.6141595680396094,0.9967510704400665,41,53,LightGBM,lightgbm,none
0.14533337237756794,0.818832178599658,0.5454545454545454,0.11320754716981132,0.1875,0.5930921718449549,0.9965123334739068,42,53,LightGBM,lightgbm,none
0.09559533878935687,0.7891504654852708,0.75,0.05660377358490566,0.10526315789473684,0.5519864829419041,0.996317413079002,43,53,LightGBM,lightgbm,none
0.14588565367531256,0.8219494943702089,0.7142857142857143,0.09433962264150944,0.16666666666666666,0.5827008382667949,0.9965069685296011,44,53,LightGBM,lightgbm,none
0.24142746399745418,0.8482231692875568,0.75,0.16981132075471697,0.27692307692307694,0.6378669479699259,0.9968779075117248,45,53,LightGBM,lightgbm,none
0.14923809660156362,0.8333900425605936,0.7777777777777778,0.1320754716981132,0.22580645161290322,0.6122960305425746,0.9967158966619731,46,53,LightGBM,lightgbm,none
0.09229421989432927,0.7740952887057202,0.75,0.05660377358490566,0.10526315789473684,0.5519865155793787,0.9963175990438239,47,53,LightGBM,lightgbm,none
0.1857047764660996,0.862738238611382,0.8571428571428571,0.11320754716981132,0.2,0.5993928047361231,0.996646689788417,48,53,LightGBM,lightgbm,none
0.12417365782916522,0.8538868498021449,0.5714285714285714,0.07547169811320754,0.13333333333333333,0.5660088717974666,0.9963672472707851,49,53,LightGBM,lightgbm,none
0.14317384823729218,0.8371887643091239,0.061224489795918366,0.22641509433962265,0.0963855421686747,0.5453330135917728,0.9918763003139084,0,53,LightGBM,lightgbm,class_weight
0.16810533541806907,0.8028865315266666,0.10714285714285714,0.33962264150943394,0.16289592760180996,0.5790982800556361,0.9930718030985244,1,53,LightGBM,lightgbm,class_weight
0.177035786947404,0.8141173479579422,0.0797872340425532,0.2830188679245283,0.12448132780082988,0.5595593921389084,0.9923075446441164,2,53,LightGBM,lightgbm,class_weight
0.1938198572117517,0.8298321576723824,0.08139534883720931,0.2641509433962264,0.12444444444444444,0.5597197451510096,0.9926639600254678,3,53,LightGBM,lightgbm,class_weight
0.10054210789155314,0.8348593030146623,0.06842105263157895,0.24528301886792453,0.10699588477366255,0.5507401455741835,0.9921079656307619,4,53,LightGBM,lightgbm,class_weight
0.18924916474125852,0.8432273412388545,0.0847457627118644,0.2830188679245283,0.13043478260869565,0.5626766117931938,0.9926037176325592,5,53,LightGBM,lightgbm,class_weight
0.1028942025800639,0.824876012283601,0.058823529411764705,0.22641509433962265,0.0933852140077821,0.5437305668828669,0.9916642491807688,6,53,LightGBM,lightgbm,class_weight
0.20519367039066383,0.851019762528518,0.10828025477707007,0.32075471698113206,0.1619047619047619,0.578717630584155,0.9932984004416822,7,53,LightGBM,lightgbm,class_weight
0.13169364331039538,0.7916284337902163,0.05357142857142857,0.16981132075471697,0.08144796380090498,0.5381455492826448,0.9923973234138534,8,53,LightGBM,lightgbm,class_weight
0.11455370164296338,0.811731280227868,0.06829268292682927,0.2641509433962264,0.10852713178294573,0.5513394405863468,0.9917802996482653,9,53,LightGBM,lightgbm,class_weight
0.11513548281523305,0.8408302613180307,0.07567567567567568,0.2641509433962264,0.11764705882352941,0.5561551685477241,0.9923149980036169,10,53,LightGBM,lightgbm,class_weight
0.15004425485906894,0.8577283366769476,0.06914893617021277,0.24528301886792453,0.1078838174273859,0.5512098071557597,0.9921617161065642,11,53,LightGBM,lightgbm,class_weight
0.15352169391375478,0.7804741209990127,0.08187134502923976,0.2641509433962264,0.125,0.5600104156081699,0.9926912816531153,12,53,LightGBM,lightgbm,class_weight
0.1726114274867169,0.8156663990365315,0.09183673469387756,0.33962264150943394,0.14457831325301204,0.5695817818902527,0.9923091747595174,13,53,LightGBM,lightgbm,class_weight
0.18613015859634852,0.7881234348416203,0.07027027027027027,0.24528301886792453,0.1092436974789916,0.5519279379943499,0.9922414146288095,14,53,LightGBM,lightgbm,class_weight
0.1775739582482705,0.8153799247423952,0.08421052631578947,0.3018867924528302,0.13168724279835392,0.5631622133422447,0.9923265671902854,15,53,LightGBM,lightgbm,class_weight
0.19561169695475045,0.8339276651504912,0.07352941176470588,0.2830188679245283,0.11673151750972763,0.5554799943451106,0.9918789037083027,16,53,LightGBM,lightgbm,class_weight
0.20327811945934351,0.865242627880104,0.0782122905027933,0.2641509433962264,0.1206896551724138,0.5577531007847026,0.9924760025334519,17,53,LightGBM,lightgbm,class_weight
0.044885882461833185,0.752785265049416,0.03821656050955414,0.11320754716981132,0.05714285714285714,0.5260572067103965,0.9924603189185581,18,53,LightGBM,lightgbm,class_weight
0.10606439204183958,0.8028158513505763,0.07100591715976332,0.22641509433962265,0.10810810810810811,0.5515390657398583,0.9925952605004438,19,53,LightGBM,lightgbm,class_weight
0.0594046145855757,0.8236808175304151,0.05752212389380531,0.24528301886792453,0.0931899641577061,0.5433768895300729,0.9911529927295856,20,53,LightGBM,lightgbm,class_weight
0.17424027409898749,0.8028850978664268,0.07526881720430108,0.2641509433962264,0.11715481171548117,0.5558962703778046,0.9922881991513635,21,53,LightGBM,lightgbm,class_weight
0.16323928007913896,0.8232965965861683,0.06857142857142857,0.22641509433962265,0.10526315789473684,0.5500401155327344,0.9924352222305666,22,53,LightGBM,lightgbm,class_weight
0.11304332642214743,0.8294316682915639,0.06918238993710692,0.20754716981132076,0.10377358490566038,0.5494740327636952,0.9927875636575026,23,53,LightGBM,lightgbm,class_weight
0.20560755227688007,0.8832951004568829,0.07894736842105263,0.2830188679245283,0.12345679012345678,0.5590214332133692,0.9922534409186744,24,53,LightGBM,lightgbm,class_weight
0.17036648093284437,0.803829879964407,0.08854166666666667,0.32075471698113206,0.13877551020408163,0.5667062107358257,0.9923452746980859,25,53,LightGBM,lightgbm,class_weight
0.10679684491631078,0.8523602348526627,0.05128205128205128,0.18867924528301888,0.08064516129032258,0.5374247667153189,0.9917582451232874,26,53,LightGBM,lightgbm,class_weight
0.2092113783787378,0.8345680333909028,0.09090909090909091,0.33962264150943394,0.14342629482071714,0.5689803513150793,0.9922554985445934,27,53,LightGBM,lightgbm,class_weight
0.0667481294342917,0.809827282980635,0.056962025316455694,0.16981132075471697,0.08530805687203792,0.5402032347852254,0.9926622540130796,28,53,LightGBM,lightgbm,class_weight
0.13334248552279537,0.8068618455009462,0.061855670103092786,0.22641509433962265,0.09716599190283401,0.545748658525453,0.9919289726667909,29,53,LightGBM,lightgbm,class_weight
0.1559808239886729,0.8135529637102362,0.0797872340425532,0.2830188679245283,0.12448132780082988,0.5595593921389084,0.9923075446441164,30,53,LightGBM,lightgbm,class_weight
0.2026515929159189,0.8649406034562681,0.07881773399014778,0.3018867924528302,0.125,0.5596524458456219,0.991977259112703,31,53,LightGBM,lightgbm,class_weight
0.11463029088027864,0.8038552079619755,0.07692307692307693,0.22641509433962265,0.11483253588516747,0.55506730021867,0.9929445377754043,32,53,LightGBM,lightgbm,class_weight
0.17711244587860578,0.8394563284968745,0.07272727272727272,0.3018867924528302,0.11721611721611722,0.5555429147625113,0.9915222844030843,33,53,LightGBM,lightgbm,class_weight
0.1679623985144648,0.8406444151325725,0.09467455621301775,0.3018867924528302,0.14414414414414414,0.5696586994473388,0.9928944418943654,34,53,LightGBM,lightgbm,class_weight
0.13829271971653978,0.8381302011998781,0.10625,0.32075471698113206,0.1596244131455399,0.5775391906997541,0.993215968535834,35,53,LightGBM,lightgbm,class_weight
0.1556216541737289,0.8364776688302192,0.06666666666666667,0.2641509433962264,0.10646387832699619,0.5502440179937588,0.9916476448382178,36,53,LightGBM,lightgbm,class_weight
0.18708849175928424,0.8377708303664531,0.06779661016949153,0.22641509433962265,0.10434782608695652,0.5495569101469896,0.992381829161536,37,53,LightGBM,lightgbm,class_weight
0.10790446270936827,0.7865549310852402,0.05851063829787234,0.20754716981132076,0.0912863070539419,0.5428600807095862,0.9920154832235394,38,53,LightGBM,lightgbm,class_weight
0.21442344100684252,0.8411299726634933,0.10552763819095477,0.39622641509433965,0.16666666666666666,0.5806638870527618,0.9924439748485004,39,53,LightGBM,lightgbm,class_weight
0.2514112634140506,0.8423308257022785,0.09950248756218906,0.37735849056603776,0.15748031496062992,0.5760198646039231,0.9923180687757507,40,53,LightGBM,lightgbm,class_weight
0.13600089740334273,0.7811498528586707,0.06417112299465241,0.22641509433962265,0.1,0.5472552607502288,0.9921153988552355,41,53,LightGBM,lightgbm,class_weight
0.09744058365915607,0.8166004474931495,0.06521739130434782,0.22641509433962265,0.10126582278481013,0.5479264998653791,0.9921952383902979,42,53,LightGBM,lightgbm,class_weight
0.08621045015536179,0.783536923400432,0.06741573033707865,0.22641509433962265,0.1038961038961039,0.5493181446935734,0.9923547595159746,43,53,LightGBM,lightgbm,class_weight
0.1370548304618868,0.8196163330848196,0.06875,0.20754716981132076,0.10328638497652583,0.5492176724618488,0.9927608067377824,44,53,LightGBM,lightgbm,class_weight
0.21981724402427985,0.8314292732393935,0.084070796460177,0.3584905660377358,0.13620071684587814,0.5650349026748915,0.9915726136277873,45,53,LightGBM,lightgbm,class_weight
0.12483512339309316,0.8423332151360113,0.07909604519774012,0.2641509433962264,0.12173913043478261,0.5583033779111257,0.9925297548088848,46,53,LightGBM,lightgbm,class_weight
0.11476325931450368,0.7771819592018527,0.04954954954954955,0.20754716981132076,0.08,0.536782234884135,0.9911183286700729,47,53,LightGBM,lightgbm,class_weight
0.16756981889990757,0.8426411271051978,0.07602339181286549,0.24528301886792453,0.11607142857142858,0.5555205981838902,0.9926163291069707,48,53,LightGBM,lightgbm,class_weight
0.09226359080242115,0.859198352163025,0.06329113924050633,0.18867924528301888,0.0947867298578199,0.5449679681035131,0.9927382928315968,49,53,LightGBM,lightgbm,class_weight
0.21726501638096468,0.8486561346799545,0.7272727272727273,0.1509433962264151,0.25,0.6243927740107277,0.9967806155143756,0,53,LightGBM,lightgbm,custom
0.19197061049716818,0.8186348113733222,0.6153846153846154,0.1509433962264151,0.24242424242424243,0.620579562131103,0.9967098003037145,1,53,LightGBM,lightgbm,custom
0.20498600312519477,0.8046303402649213,0.75,0.16981132075471697,0.27692307692307694,0.6378669479699259,0.9968779075117248,2,53,LightGBM,lightgbm,custom
0.20208388360383894,0.8747959320219457,0.5714285714285714,0.1509433962264151,0.23880597014925373,0.6187577258322371,0.9966746769831941,3,53,LightGBM,lightgbm,custom
0.10980764642895648,0.8501983330465867,0.75,0.05660377358490566,0.10526315789473684,0.5519864829419041,0.996317413079002,4,53,LightGBM,lightgbm,custom
0.23080558975962745,0.8574502065904406,0.8,0.1509433962264151,0.25396825396825395,0.6263895665793199,0.996816504170846,5,53,LightGBM,lightgbm,custom
0.1530747992941814,0.8480554310395089,0.625,0.09433962264150944,0.16393442622950818,0.5813220844685123,0.9964745657966679,6,53,LightGBM,lightgbm,custom
0.22905028887749096,0.8857348894600167,1.0,0.16981132075471697,0.2903225806451613,0.6446046946640268,0.9969895719401419,7,53,LightGBM,lightgbm,custom
0.1502532255078196,0.8050754143487985,0.625,0.09433962264150944,0.16393442622950818,0.5813220518244315,0.9964743877556826,8,53,LightGBM,lightgbm,custom
0.15472684328744968,0.8146995851732907,0.75,0.11320754716981132,0.19672131147540983,0.5977407948901401,0.9966126470593815,9,53,LightGBM,lightgbm,custom
0.123224063925455,0.8506020895120108,0.38461538461538464,0.09433962264150944,0.15151515151515152,0.5750491095868354,0.9963149763401603,10,53,LightGBM,lightgbm,custom
0.16578659386823869,0.8732711252225757,0.7777777777777778,0.1320754716981132,0.22580645161290322,0.6122960305425746,0.9967158966619731,11,53,LightGBM,lightgbm,custom
0.1889488912628283,0.8077385156646497,1.0,0.1320754716981132,0.23333333333333334,0.6160848006476422,0.996786573330481,12,53,LightGBM,lightgbm,custom
0.18076191442206,0.8381697922043165,0.75,0.11320754716981132,0.19672131147540983,0.5977407948901401,0.9966126470593815,13,53,LightGBM,lightgbm,custom
0.20552640352252324,0.8018055475903729,0.9,0.16981132075471697,0.2857142857142857,0.6422878540885777,0.9969518181458044,14,53,LightGBM,lightgbm,custom
0.20916263279593678,0.8275870637969249,0.6666666666666666,0.1509433962264151,0.24615384615384617,0.6224570308622632,0.9967450525122238,15,53,LightGBM,lightgbm,custom
0.19897834864427302,0.8774894315345996,0.6428571428571429,0.16981132075471697,0.26865671641791045,0.6337084346240257,0.996805243153984,16,53,LightGBM,lightgbm,custom
0.24548675941277526,0.8901668111477598,0.8181818181818182,0.16981132075471697,0.28125,0.640043075093614,0.9969147565346098,17,53,LightGBM,lightgbm,custom
0.03922064059724354,0.7644214409971133,0.5,0.018867924528301886,0.03636363636363636,0.5175114582111622,0.9960825272109218,18,53,LightGBM,lightgbm,custom
0.10151333836814659,0.8197324654470379,0.6,0.05660377358490566,0.10344827586206896,0.5510663763443112,0.9962872900104507,19,53,LightGBM,lightgbm,custom
0.1444979051919712,0.8365957068566235,0.8333333333333334,0.09433962264150944,0.1694915254237288,0.5841259645889674,0.9965399707668605,20,53,LightGBM,lightgbm,custom
0.1865894684050903,0.8179576458534246,0.8,0.1509433962264151,0.25396825396825395,0.6263895665793199,0.996816504170846,21,53,LightGBM,lightgbm,custom
0.2145658637529659,0.8340825004563819,0.8,0.1509433962264151,0.25396825396825395,0.6263895665793199,0.996816504170846,22,53,LightGBM,lightgbm,custom
0.12640376274660725,0.8128515035078665,0.7142857142857143,0.09433962264150944,0.16666666666666666,0.5827008382667949,0.9965069685296011,23,53,LightGBM,lightgbm,custom
0.17839478399657435,0.9038835044254554,0.5833333333333334,0.1320754716981132,0.2153846153846154,0.6070470811039117,0.9966120264187092,24,53,LightGBM,lightgbm,custom
0.2418505067192888,0.8331893301270319,0.8333333333333334,0.18867924528301888,0.3076923076923077,0.6532768650775886,0.9970107625112258,25,53,LightGBM,lightgbm,custom
0.19658779338115123,0.876842372879736,0.875,0.1320754716981132,0.22950819672131148,0.6141595680396094,0.9967510704400665,26,53,LightGBM,lightgbm,custom
0.23449239783812062,0.850231249396668,0.8,0.1509433962264151,0.25396825396825395,0.6263895665793199,0.996816504170846,27,53,LightGBM,lightgbm,custom
0.06776291619514065,0.8217979965972739,0.4,0.03773584905660377,0.06896551724137931,0.5337996985114001,0.9961444934723913,28,53,LightGBM,lightgbm,custom
0.13655804715163863,0.8245689243180211,0.7142857142857143,0.09433962264150944,0.16666666666666666,0.5827008382667949,0.9965069685296011,29,53,LightGBM,lightgbm,custom
0.14584132626098306,0.8462614441928636,0.8,0.07547169811320754,0.13793103448275862,0.5683330861763654,0.9964302668242249,30,53,LightGBM,lightgbm,custom
0.2250612400164621,0.8837626508568986,0.9,0.16981132075471697,0.2857142857142857,0.6422878828950935,0.9969519720784696,31,53,LightGBM,lightgbm,custom
0.10362187272026409,0.8185922794528769,0.6,0.05660377358490566,0.10344827586206896,0.55106640962342,0.9962874774971938,32,53,LightGBM,lightgbm,custom
0.21171090524353695,0.8576112098793752,0.8,0.1509433962264151,0.25396825396825395,0.6263895364925145,0.996816343396729,33,53,LightGBM,lightgbm,custom
0.18542621546034016,0.839240790655885,0.75,0.11320754716981132,0.19672131147540983,0.5977407948901401,0.9966126470593815,34,53,LightGBM,lightgbm,custom
0.19032864920715764,0.8399461708368658,0.7777777777777778,0.1320754716981132,0.22580645161290322,0.6122960305425746,0.9967158966619731,35,53,LightGBM,lightgbm,custom
0.1845155352855427,0.8624116267933895,1.0,0.1320754716981132,0.23333333333333334,0.6160848006476422,0.996786573330481,36,53,LightGBM,lightgbm,custom
0.20637760711533087,0.8560413964615354,1.0,0.16981132075471697,0.2903225806451613,0.6446046946640268,0.9969895719401419,37,53,LightGBM,lightgbm,custom
0.1178623768286867,0.7951214849649213,0.5714285714285714,0.07547169811320754,0.13333333333333333,0.5660088717974666,0.9963672472707851,38,53,LightGBM,lightgbm,custom
0.2586294373472552,0.8688908642541722,0.8461538461538461,0.20754716981132076,0.3333333333333333,0.6661099865047233,0.9971044780413856,39,53,LightGBM,lightgbm,custom
0.2342238506564465,0.8577761253516052,0.75,0.16981132075471697,0.27692307692307694,0.6378669479699259,0.9968779075117248,40,53,LightGBM,lightgbm,custom
0.17697429555776312,0.8165717742883549,0.8571428571428571,0.11320754716981132,0.2,0.5993928354584093,0.9966468591274584,41,53,LightGBM,lightgbm,custom
0.2012517935275124,0.840105785010222,0.7142857142857143,0.18867924528301888,0.29850746268656714,0.6486591107618205,0.9969356413925969,42,53,LightGBM,lightgbm,custom
0.09460483895885097,0.777505687140372,0.75,0.05660377358490566,0.10526315789473684,0.5519864829419041,0.996317413079002,43,53,LightGBM,lightgbm,custom
0.17270634005909763,0.8368407218367073,1.0,0.11320754716981132,0.2033898305084746,0.6011003849331908,0.9966810288456543,44,53,LightGBM,lightgbm,custom
0.24650965671735944,0.8351548783156979,0.6923076923076923,0.16981132075471697,0.2727272727272727,0.635756379645859,0.9968414082915659,45,53,LightGBM,lightgbm,custom
0.1525409479077996,0.8365942731963838,0.75,0.11320754716981132,0.19672131147540983,0.5977408262540609,0.9966128181183673,46,53,LightGBM,lightgbm,custom
0.15545923610110288,0.7938611624308378,0.8333333333333334,0.09433962264150944,0.1694915254237288,0.5841259645889674,0.9965399707668605,47,53,LightGBM,lightgbm,custom
0.18109990441817908,0.8792280782244652,1.0,0.1320754716981132,0.23333333333333334,0.6160847712054512,0.9967864110472329,48,53,LightGBM,lightgbm,custom
0.129464722338554,0.8848277608915907,0.6666666666666666,0.07547169811320754,0.13559322033898305,0.5671514815232497,0.9963985632154974,49,53,LightGBM,lightgbm,custom
0.157216047289229,0.8622247730754784,1.0,0.07547169811320754,0.14035087719298245,0.5695556718311678,0.9964620069244584,0,53,CatBoost,catboost,none
0.11124971725703761,0.8144977458082164,1.0,0.018867924528301886,0.037037037037037035,0.5178608567590204,0.9961097888943344,1,53,CatBoost,catboost,none
0.1410916641679348,0.8316247289187431,0.8,0.07547169811320754,0.13793103448275862,0.5683330861763654,0.9964302668242249,2,53,CatBoost,catboost,none
0.13287487317486435,0.8590248704861311,0.8,0.07547169811320754,0.13793103448275862,0.5683330541772222,0.9964300865485104,3,53,CatBoost,catboost,none
0.08414199538315811,0.8369931754315537,1.0,0.03773584905660377,0.07272727272727272,0.5357185729956466,0.9962303563727738,4,53,CatBoost,catboost,none
0.15567748111188054,0.8598554105859562,0.8,0.07547169811320754,0.13793103448275862,0.5683330861763654,0.9964302668242249,5,53,CatBoost,catboost,none
0.0867154992765538,0.8103645033370832,0.0,0.0,0.0,0.49932970785380043,0.9959854261636732,6,53,CatBoost,catboost,none
0.20786973852709434,0.8878251660895389,1.0,0.11320754716981132,0.2033898305084746,0.6011004150139074,0.9966811964498458,7,53,CatBoost,catboost,none
0.12676888002288347,0.7976687503584332,1.0,0.07547169811320754,0.14035087719298245,0.5695556404735942,0.9964618282523747,8,53,CatBoost,catboost,none
0.08216900050655201,0.7961446923209269,1.0,0.03773584905660377,0.07272727272727272,0.5357185729956466,0.9962303563727738,9,53,CatBoost,catboost,none
0.05351671274999809,0.8167820444568483,0.4,0.03773584905660377,0.06896551724137931,0.5337997330704746,0.9961446881701628,10,53,CatBoost,catboost,none
0.1286027923166925,0.8652665222174327,1.0,0.05660377358490566,0.10714285714285714,0.55293902950232,0.9963478928656173,11,53,CatBoost,catboost,none
0.14448356677015944,0.81150235168068,1.0,0.05660377358490566,0.10714285714285714,0.55293902950232,0.9963478928656173,12,53,CatBoost,catboost,none
0.13060578938190345,0.8052861730802316,1.0,0.03773584905660377,0.07272727272727272,0.5357185729956466,0.9962303563727738,13,53,CatBoost,catboost,none
0.17481271419522718,0.8489304352812983,1.0,0.05660377358490566,0.10714285714285714,0.5529389975064146,0.9963477084313557,14,53,CatBoost,catboost,none
0.13836489356592482,0.839613561661249,0.8,0.07547169811320754,0.13793103448275862,0.5683330861763654,0.9964302668242249,15,53,CatBoost,catboost,none
0.15036562893734315,0.8537537526056774,0.8571428571428571,0.11320754716981132,0.2,0.5993928354584093,0.9966468591274584,16,53,CatBoost,catboost,none
0.17385163273401472,0.8619896527961631,1.0,0.018867924528301886,0.037037037037037035,0.5178608567590204,0.9961097888943344,17,53,CatBoost,catboost,none
0.024662457167401463,0.7565306532086942,0.0,0.0,0.0,0.49932967394328787,0.9959852234265146,18,53,CatBoost,catboost,none
0.09727233095203337,0.8152673433885798,1.0,0.03773584905660377,0.07272727272727272,0.5357185729956466,0.9962303563727738,19,53,CatBoost,catboost,none
0.12249445976514094,0.8410921432551541,1.0,0.09433962264150944,0.1724137931034483,0.5855997627293108,0.9965730561512558,20,53,CatBoost,catboost,none
0.10630192414147728,0.7747820119605495,0.75,0.05660377358490566,0.10526315789473684,0.5519865155793787,0.9963175990438239,21,53,CatBoost,catboost,none
0.15749992479326252,0.8307573644737081,1.0,0.05660377358490566,0.10714285714285714,0.55293902950232,0.9963478928656173,22,53,CatBoost,catboost,none
0.1144902273359877,0.8337820917206705,1.0,0.05660377358490566,0.10714285714285714,0.5529389975064146,0.9963477084313557,23,53,CatBoost,catboost,none
0.11598253123680197,0.8655220699279311,0.75,0.05660377358490566,0.10526315789473684,0.5519864829419041,0.996317413079002,24,53,CatBoost,catboost,none
0.15509014880850652,0.8176331607524996,1.0,0.07547169811320754,0.14035087719298245,0.5695556718311678,0.9964620069244584,25,53,CatBoost,catboost,none
0.1457561962435236,0.8373885209691926,1.0,0.07547169811320754,0.14035087719298245,0.5695556718311678,0.9964620069244584,26,53,CatBoost,catboost,none
0.15217313946039931,0.8668387696136669,1.0,0.05660377358490566,0.10714285714285714,0.55293902950232,0.9963478928656173,27,53,CatBoost,catboost,none
0.06124633307427554,0.8079189845348015,1.0,0.03773584905660377,0.07272727272727272,0.5357185729956466,0.9962303563727738,28,53,CatBoost,catboost,none
0.12276862318928651,0.8157586358509683,1.0,0.07547169811320754,0.14035087719298245,0.5695556404735942,0.9964618282523747,29,53,CatBoost,catboost,none
0.10086543272891618,0.8233682795981546,0.0,0.0,0.0,0.49932970785380043,0.9959854261636732,30,53,CatBoost,catboost,none
0.2394810805673974,0.8324978280047368,1.0,0.05660377358490566,0.10714285714285714,0.55293902950232,0.9963478928656173,31,53,CatBoost,catboost,none
0.06165566883216347,0.8127219186579411,0.4,0.03773584905660377,0.06896551724137931,0.5337997330704746,0.9961446881701628,32,53,CatBoost,catboost,none
0.13214384082980737,0.8446540880503146,1.0,0.07547169811320754,0.14035087719298245,0.5695556404735942,0.9964618282523747,33,53,CatBoost,catboost,none
0.10949439809707856,0.8507742157481217,1.0,0.07547169811320754,0.14035087719298245,0.5695556404735942,0.9964618282523747,34,53,CatBoost,catboost,none
0.09028504056319298,0.8479383487865977,0.375,0.05660377358490566,0.09836065573770492,0.5484846008974151,0.9961980611532693,35,53,CatBoost,catboost,none
0.18754241184790002,0.8269113319372667,1.0,0.05660377358490566,0.10714285714285714,0.55293902950232,0.9963478928656173,36,53,CatBoost,catboost,none
0.15534672964834992,0.8602706941687304,1.0,0.07547169811320754,0.14035087719298245,0.5695556718311678,0.9964620069244584,37,53,CatBoost,catboost,none
0.08903968531249078,0.7996578157557683,1.0,0.03773584905660377,0.07272727272727272,0.5357185729956466,0.9962303563727738,38,53,CatBoost,catboost,none
0.16657173615727328,0.8538467052818718,1.0,0.09433962264150944,0.1724137931034483,0.5855997320101334,0.9965728830865699,39,53,CatBoost,catboost,none
0.18501370554456903,0.8336457119700117,1.0,0.07547169811320754,0.14035087719298245,0.5695556718311678,0.9964620069244584,40,53,CatBoost,catboost,none
0.09681843652366505,0.7779881541433259,1.0,0.03773584905660377,0.07272727272727272,0.535718605629819,0.9962305467324426,41,53,CatBoost,catboost,none
0.14772233991103698,0.8333780953919293,0.8,0.07547169811320754,0.13793103448275862,0.5683330861763654,0.9964302668242249,42,53,CatBoost,catboost,none
0.0694873299088353,0.8115286459826805,1.0,0.03773584905660377,0.07272727272727272,0.5357185729956466,0.9962303563727738,43,53,CatBoost,catboost,none
0.11924817172817706,0.851959434918086,1.0,0.05660377358490566,0.10714285714285714,0.5529389975064146,0.9963477084313557,44,53,CatBoost,catboost,none
0.23102595900685294,0.8562660032324261,1.0,0.018867924528301886,0.037037037037037035,0.5178608567590204,0.9961097888943344,45,53,CatBoost,catboost,none
0.12597400607631581,0.8175461853646228,0.75,0.05660377358490566,0.10526315789473684,0.5519865155793787,0.9963175990438239,46,53,CatBoost,catboost,none
0.07873488011602754,0.7941674878353929,1.0,0.018867924528301886,0.037037037037037035,0.5178608567590204,0.9961097888943344,47,53,CatBoost,catboost,none
0.15389391280527392,0.8427032555294297,1.0,0.07547169811320754,0.14035087719298245,0.5695556404735942,0.9964618282523747,48,53,CatBoost,catboost,none
0.0876704198460632,0.8426750587830476,1.0,0.03773584905660377,0.07272727272727272,0.5357185729956466,0.9962303563727738,49,53,CatBoost,catboost,none
0.13073669613478917,0.8679837862584621,0.027122641509433963,0.4339622641509434,0.051054384017758046,0.5144769684195596,0.9754178516014667,0,53,CatBoost,catboost,class_weight
0.09303225402787502,0.7915324203147744,0.02729528535980149,0.41509433962264153,0.051222351571594875,0.5150893445998644,0.9764722565297711,1,53,CatBoost,catboost,class_weight
0.14977142931508208,0.8215914966743862,0.03427172582619339,0.5283018867924528,0.06436781609195402,0.5216720014392308,0.9765272505610446,2,53,CatBoost,catboost,class_weight
0.1567534780530623,0.8343140066142876,0.02751196172248804,0.4339622641509434,0.05174353205849269,0.5149794487953523,0.9757345386149124,3,53,CatBoost,catboost,class_weight
0.07043450618851095,0.8041860220603698,0.02053915275994865,0.3018867924528302,0.038461538461538464,0.5089092540323381,0.9768375204114788,4,53,CatBoost,catboost,class_weight
0.1928603233293244,0.8556657774787269,0.025830258302583026,0.39622641509433965,0.04849884526558892,0.5136094763490281,0.9762293664556639,5,53,CatBoost,catboost,class_weight
0.07642995805133329,0.8357847330476845,0.027058823529411764,0.4339622641509434,0.05094130675526024,0.5143940086833042,0.9753648481073383,6,53,CatBoost,catboost,class_weight
0.18725640925088316,0.8652125210150697,0.03389830508474576,0.49056603773584906,0.06341463414634146,0.5218022407215405,0.9777351091792812,7,53,CatBoost,catboost,class_weight
0.08520366578759873,0.8332191126149376,0.023446658851113716,0.37735849056603776,0.04415011037527594,0.5108806394689203,0.975111626498,8,53,CatBoost,catboost,class_weight
0.0898563968400907,0.7816907533788304,0.019027484143763214,0.33962264150943394,0.036036036036036036,0.5055397222189147,0.9725290148921998,9,53,CatBoost,catboost,class_weight
0.09143374896298456,0.8406711250314212,0.02336448598130841,0.37735849056603776,0.04400440044004401,0.510768714349136,0.9750334315483985,10,53,CatBoost,catboost,class_weight
0.10261203550693351,0.841708617158237,0.02850877192982456,0.49056603773584906,0.0538860103626943,0.5151236229479629,0.9738912351829214,11,53,CatBoost,catboost,class_weight
0.1007048628488601,0.7682918320553049,0.02736318407960199,0.41509433962264153,0.051341890315052506,0.5151754764115605,0.9765251603091079,12,53,CatBoost,catboost,class_weight
0.14819126467646715,0.8240236279176464,0.023605150214592276,0.41509433962264153,0.04467005076142132,0.510146221981835,0.973129568761822,13,53,CatBoost,catboost,class_weight
0.1734436299748171,0.829749956988014,0.026582278481012658,0.39622641509433965,0.0498220640569395,0.5145736807650158,0.9768363533326859,14,53,CatBoost,catboost,class_weight
0.16730283238114477,0.8297796081902142,0.027624309392265192,0.4716981132075472,0.05219206680584551,0.5143435094578024,0.9740200580549393,15,53,CatBoost,catboost,class_weight
0.14464257072548942,0.8342679205140533,0.0213903743315508,0.37735849056603776,0.04048582995951417,0.507963122233643,0.9729369996860554,16,53,CatBoost,catboost,class_weight
0.16188991526718965,0.8269543417444587,0.020642201834862386,0.33962264150943394,0.03891891891891892,0.507962679592403,0.9744946367581885,17,53,CatBoost,catboost,class_weight
0.04291517993185524,0.7630364550476956,0.018158236057068743,0.2641509433962264,0.03398058252427184,0.5067225032223032,0.9769326882767236,18,53,CatBoost,catboost,class_weight
0.09203461323175502,0.7737215881936879,0.024361948955916472,0.39622641509433965,0.04590163934426229,0.5116632915502828,0.9749305904428166,19,53,CatBoost,catboost,class_weight
0.04592019533453493,0.8312706148395305,0.024891774891774892,0.4339622641509434,0.04708290685772774,0.511485303626994,0.9734007521262015,20,53,CatBoost,catboost,class_weight
0.0816427853044591,0.7885905495028545,0.0267515923566879,0.39622641509433965,0.050119331742243436,0.5147886981291863,0.976969686581552,21,53,CatBoost,catboost,class_weight
0.11674146319091153,0.8244607287008267,0.02539298669891173,0.39622641509433965,0.04772727272727273,0.5130390006294212,0.9758589106495029,22,53,CatBoost,catboost,class_weight
0.13247816059811693,0.8194237349697004,0.02527075812274368,0.39622641509433965,0.04751131221719457,0.5128776653070883,0.975751782079722,23,53,CatBoost,catboost,class_weight
0.1364897007861222,0.8772925388541606,0.029115341545352745,0.49056603773584906,0.05496828752642706,0.5159158207818471,0.9743947823945108,24,53,CatBoost,catboost,class_weight
0.14754370251906973,0.8007542008634458,0.027672955974842768,0.41509433962264153,0.05188679245283019,0.5155665247757182,0.9767631788109318,25,53,CatBoost,catboost,class_weight
0.10621244206966633,0.8240115151590455,0.027842227378190254,0.4528301886792453,0.05245901639344262,0.5150201373178135,0.9751041702954337,26,53,CatBoost,catboost,class_weight
0.182234143054916,0.8307965511869272,0.025246981339187707,0.4339622641509434,0.04771784232365145,0.5119751183449243,0.9737462232406917,27,53,CatBoost,catboost,class_weight
0.08161653906825131,0.8305074458526888,0.023779724655819776,0.3584905660377358,0.04460093896713615,0.5117929050698747,0.9764828579150528,28,53,CatBoost,catboost,class_weight
0.10374481022783759,0.8251438511976449,0.020969855832241154,0.3018867924528302,0.0392156862745098,0.5094969326394473,0.9772596213266865,29,53,CatBoost,catboost,class_weight
0.10039435325224796,0.8084433986158488,0.02745995423340961,0.4528301886792453,0.05177993527508091,0.5145219223205544,0.9747858528525986,30,53,CatBoost,catboost,class_weight
0.14215313748359645,0.8425071659117649,0.02761795166858458,0.4528301886792453,0.052060737527114966,0.514728449764954,0.9749185032427037,31,53,CatBoost,catboost,class_weight
0.043471150296294794,0.8078092429031429,0.023106546854942234,0.33962264150943394,0.04326923076923077,0.5113652377398636,0.9769545165737434,32,53,CatBoost,catboost,class_weight
0.13602688536489654,0.8217382577278202,0.02883506343713956,0.4716981132075472,0.05434782608695652,0.5159237190746168,0.9750276752837849,33,53,CatBoost,catboost,class_weight
0.1174441498469317,0.8398811913364301,0.023779724655819776,0.3584905660377358,0.04460093896713615,0.5117929050698747,0.9764828579150528,34,53,CatBoost,catboost,class_weight
0.08015001133010127,0.8303975157535366,0.02570694087403599,0.37735849056603776,0.048134777376654635,0.5138627804885183,0.9770967364987421,35,53,CatBoost,catboost,class_weight
0.16851561639992005,0.8197831732253437,0.024363233665559248,0.41509433962264153,0.04602510460251046,0.5112088662378881,0.9739014952707927,36,53,CatBoost,catboost,class_weight
0.1602500862474798,0.8080630007655747,0.026474127557160047,0.41509433962264153,0.049773755656108594,0.5140352862612911,0.9758106229569986,37,53,CatBoost,catboost,class_weight
0.06377324381831997,0.8076389287148018,0.02125,0.32075471698113206,0.03985932004689332,0.5093572798824816,0.9763408768755208,38,53,CatBoost,catboost,class_weight
0.17450729489882402,0.8504769551337196,0.029115341545352745,0.49056603773584906,0.05496828752642706,0.5159158207818471,0.9743947823945108,39,53,CatBoost,catboost,class_weight
0.21586620871862888,0.8615872721555463,0.028089887640449437,0.4716981132075472,0.053022269353128315,0.514957246722107,0.9744184892420852,40,53,CatBoost,catboost,class_weight
0.098257446909457,0.7637906167893084,0.01838235294117647,0.2830188679245283,0.03452243958573072,0.5064267457620277,0.975803929757124,41,53,CatBoost,catboost,class_weight
0.14086392584895394,0.8616183347940738,0.031746031746031744,0.49056603773584906,0.05963302752293578,0.5192265767845075,0.9763589299148412,42,53,CatBoost,catboost,class_weight
0.036603713605329026,0.7586014413794422,0.021229050279329607,0.3584905660377358,0.04008438818565401,0.5082662222516344,0.9739407418927679,43,53,CatBoost,catboost,class_weight
0.10305498075101048,0.806745713138728,0.02360248447204969,0.3584905660377358,0.04428904428904429,0.511557866494863,0.9763242638457422,44,53,CatBoost,catboost,class_weight
0.1923892937014185,0.8174233684707528,0.030303030303030304,0.5094339622641509,0.057203389830508475,0.5170863238356559,0.9745065120085034,45,53,CatBoost,catboost,class_weight
0.12104753587535746,0.823327181337949,0.02161547212741752,0.3584905660377358,0.0407725321888412,0.5088227313262087,0.9743664476350139,46,53,CatBoost,catboost,class_weight
0.07230362893365648,0.7906722241709381,0.019079685746352413,0.32075471698113206,0.036016949152542374,0.5062343311128615,0.9739336246379079,47,53,CatBoost,catboost,class_weight
0.1361725482431335,0.8419261723155741,0.030998851894374284,0.5094339622641509,0.05844155844155844,0.5179694212982714,0.9750363154558073,48,53,CatBoost,catboost,class_weight
0.06762494501681945,0.8395552560646901,0.024203821656050957,0.3584905660377358,0.045346062052505964,0.5123499175752362,0.9768527672532026,49,53,CatBoost,catboost,class_weight
