pr_auc,roc_auc,precision_pos,recall_pos,f1_pos,f1_macro,f1_weighted,repeat,n_pos_test,model,model_key,strategy
0.00298922651378303,0.5425496076537666,0.0,0.0,0.0,0.4993527425946138,0.9961231499760532,0,51,Logistic Regression,logistic,none
0.002735253906268151,0.4892517165459179,0.0,0.0,0.0,0.4993527425946138,0.9961231499760532,1,51,Logistic Regression,logistic,none
0.0025194862407374504,0.4461827822441894,0.0,0.0,0.0,0.4993146164390516,0.9959964646713672,2,52,Logistic Regression,logistic,none
0.002569472891035506,0.471252580786436,0.0,0.0,0.0,0.4993400345212712,0.9960471668122537,3,52,Logistic Regression,logistic,none
0.0025058342244444185,0.44220406982200394,0.0,0.0,0.0,0.4993400345212712,0.9960471668122537,4,52,Logistic Regression,logistic,none
0.002640200073808379,0.5125866744807006,0.0,0.0,0.0,0.4993527425946138,0.9961231499760532,5,51,Logistic Regression,logistic,none
0.003095160327632315,0.48577576712584086,0.0,0.0,0.0,0.4993527425946138,0.9961231499760532,6,51,Logistic Regression,logistic,none
0.0031340524092477867,0.5064617417962274,0.0,0.0,0.0,0.49932732580276684,0.9960218163853204,7,52,Logistic Regression,logistic,none
0.002719699116322036,0.4565704476491381,0.0,0.0,0.0,0.4993400345212712,0.9960471668122537,8,52,Logistic Regression,logistic,none
0.002333403918936666,0.4327538946413489,0.0,0.0,0.0,0.4993400345212712,0.9960471668122537,9,52,Logistic Regression,logistic,none
0.0031523151829440732,0.4087382627528722,0.0,0.0,0.0,0.4993527425946138,0.9961231499760532,10,51,Logistic Regression,logistic,none
0.002534935613090022,0.45307393531295503,0.0,0.0,0.0,0.4993527425946138,0.9961231499760532,11,51,Logistic Regression,logistic,none
0.0027042823267156785,0.5015406512966497,0.0,0.0,0.0,0.4993400345212712,0.9960471668122537,12,52,Logistic Regression,logistic,none
0.003047264004141715,0.53203596677824,0.0,0.0,0.0,0.4993146164390516,0.9959964646713672,13,52,Logistic Regression,logistic,none
0.002942783364623575,0.5073000086026215,0.0,0.0,0.0,0.4993400345212712,0.9960471668122537,14,52,Logistic Regression,logistic,none
0.002409012991002882,0.4556972181441071,0.0,0.0,0.0,0.4993527425946138,0.9961231499760532,15,51,Logistic Regression,logistic,none
0.003090653559155734,0.52724895173339,0.0,0.0,0.0,0.4993527425946138,0.9961231499760532,16,51,Logistic Regression,logistic,none
0.0025328966623312447,0.493314394531861,0.0,0.0,0.0,0.4993400345212712,0.9960471668122537,17,52,Logistic Regression,logistic,none
0.002389588253378206,0.47112647417649456,0.0,0.0,0.0,0.4993400345212712,0.9960471668122537,18,52,Logistic Regression,logistic,none
0.0023319139447112213,0.45207997700753905,0.0,0.0,0.0,0.4993400345212712,0.9960471668122537,19,52,Logistic Regression,logistic,none
0.002522137004771373,0.4668381966724574,0.0,0.0,0.0,0.4993527425946138,0.9961231499760532,20,51,Logistic Regression,logistic,none
0.0023225356480255756,0.44411919192523247,0.0,0.0,0.0,0.4993400345212712,0.9960977995474516,21,51,Logistic Regression,logistic,none
0.002889973362850029,0.5183177182719679,0.0,0.0,0.0,0.4993400345212712,0.9960471668122537,22,52,Logistic Regression,logistic,none
0.0027093224242416645,0.4944552194450527,0.0,0.0,0.0,0.4993146164390516,0.9959964646713672,23,52,Logistic Regression,logistic,none
0.002966377277955891,0.47433143945318607,0.0,0.0,0.0,0.4993400345212712,0.9960471668122537,24,52,Logistic Regression,logistic,none
0.0030192899299242427,0.4479061080031057,0.0,0.0,0.0,0.4993527425946138,0.9961231499760532,25,51,Logistic Regression,logistic,none
0.0021947538013500608,0.4474012855281898,0.0,0.0,0.0,0.4993527425946138,0.9961231499760532,26,51,Logistic Regression,logistic,none
0.002530609547171868,0.481364571276629,0.0,0.0,0.0,0.4993400345212712,0.9960471668122537,27,52,Logistic Regression,logistic,none
0.0019668520773553537,0.3785432047111083,0.0,0.0,0.0,0.4993400345212712,0.9960471668122537,28,52,Logistic Regression,logistic,none
0.0029233904930971912,0.5032377138924515,0.0,0.0,0.0,0.4993400345212712,0.9960471668122537,29,52,Logistic Regression,logistic,none
0.0022017275792869436,0.42876720657255935,0.0,0.0,0.0,0.4993527425946138,0.9961231499760532,30,51,Logistic Regression,logistic,none
0.0029234995512027236,0.529737183339762,0.0,0.0,0.0,0.4993527425946138,0.9961231499760532,31,51,Logistic Regression,logistic,none
0.003060773304864407,0.5018427206181375,0.0,0.0,0.0,0.49932732580276684,0.9960218163853204,32,52,Logistic Regression,logistic,none
0.002799338600101309,0.4709993899959333,0.0,0.0,0.0,0.4993400345212712,0.9960471668122537,33,52,Logistic Regression,logistic,none
0.002676819008909632,0.48241106062501954,0.0,0.0,0.0,0.4993400345212712,0.9960471668122537,34,52,Logistic Regression,logistic,none
0.002956089410839062,0.502303844325307,0.0,0.0,0.0,0.4993527425946138,0.9961231499760532,35,51,Logistic Regression,logistic,none
0.0029517285085124976,0.5243112138364217,0.0,0.0,0.0,0.4993527425946138,0.9961231499760532,36,51,Logistic Regression,logistic,none
0.00289221730556211,0.470594186974067,0.0,0.0,0.0,0.4993400345212712,0.9960471668122537,37,52,Logistic Regression,logistic,none
0.002510157884865763,0.46787360793943755,0.0,0.0,0.0,0.4993400345212712,0.9960471668122537,38,52,Logistic Regression,logistic,none
0.002549353279741602,0.4691591133043451,0.0,0.0,0.0,0.4993400345212712,0.9960471668122537,39,52,Logistic Regression,logistic,none
0.002952381765970394,0.48405897203592463,0.0,0.0,0.0,0.4993527425946138,0.9961231499760532,40,51,Logistic Regression,logistic,none
0.0043718813185548355,0.4396993789637036,0.0,0.0,0.0,0.4993527425946138,0.9961231499760532,41,51,Logistic Regression,logistic,none
0.0027225981965058326,0.4843036373447618,0.0,0.0,0.0,0.4993400345212712,0.9960471668122537,42,52,Logistic Regression,logistic,none
0.003556538437919003,0.5195753628742141,0.0,0.0,0.0,0.4993400345212712,0.9960471668122537,43,52,Logistic Regression,logistic,none
0.0022756790864914113,0.44948257187099194,0.0,0.0,0.0,0.49932732580276684,0.9960218163853204,44,52,Logistic Regression,logistic,none
0.0026693945383536462,0.482622744619629,0.0,0.0,0.0,0.4993527425946138,0.9961231499760532,45,51,Logistic Regression,logistic,none
0.0023345488329289217,0.4494425025639799,0.0,0.0,0.0,0.4993527425946138,0.9961231499760532,46,51,Logistic Regression,logistic,none
0.002598919761907685,0.4670671121781838,0.0,0.0,0.0,0.4993400345212712,0.9960471668122537,47,52,Logistic Regression,logistic,none
0.0029868456177107212,0.5498644109550473,0.0,0.0,0.0,0.4993400345212712,0.9960471668122537,48,52,Logistic Regression,logistic,none
0.002993658339307875,0.4952392310820533,0.0,0.0,0.0,0.49932732580276684,0.9960218163853204,49,52,Logistic Regression,logistic,none
0.003091938428995489,0.5188383999968105,0.003255096796299469,0.37254901960784315,0.006453804347826087,0.41606957201896666,0.8235670671134262,0,51,Logistic Regression,logistic,class_weight
0.0024340752962423067,0.48216725820099804,0.0025455257489719993,0.2549019607843137,0.005040713454827452,0.4276880440998255,0.8481497112016381,1,51,Logistic Regression,logistic,class_weight
0.0023623884681324868,0.445911995182532,0.0023377337733773377,0.3269230769230769,0.004642271982523211,0.3888545689385907,0.7710410050711218,2,52,Logistic Regression,logistic,class_weight
0.002720633747121953,0.47106879750993214,0.0021647950209714517,0.3076923076923077,0.004299341663307806,0.38637088626674215,0.7664278577288889,3,52,Logistic Regression,logistic,class_weight
0.0025478475982393944,0.4496120999781024,0.0026041666666666665,0.34615384615384615,0.005169442848937392,0.395947607768515,0.7846652915913762,4,52,Logistic Regression,logistic,class_weight
0.002529636193033673,0.47074770537503874,0.002124144441822044,0.35294117647058826,0.004222873900293255,0.36485114525787876,0.7236144762545601,5,51,Logistic Regression,logistic,class_weight
0.0028380529195803843,0.46729019468306815,0.0024257990867579907,0.3333333333333333,0.0048165462530103415,0.39396096076737086,0.7810929675408845,6,51,Logistic Regression,logistic,class_weight
0.0031440648683173965,0.5160800591234711,0.002644725242433147,0.34615384615384615,0.005249343832020997,0.39796066455178836,0.7886013111002489,7,52,Logistic Regression,logistic,class_weight
0.002509152204715031,0.46003886820783935,0.0025969810095763674,0.3076923076923077,0.005150490906164494,0.40958592696353807,0.8118888703546184,8,52,Logistic Regression,logistic,class_weight
0.0023250466172304546,0.41599246879594587,0.0017162471395881006,0.17307692307692307,0.0033987915407854984,0.42442720087697505,0.8432356267123045,9,52,Logistic Regression,logistic,class_weight
0.0022061359960889263,0.41660013774228244,0.002066772655007949,0.2549019607843137,0.004100299637281186,0.4066775700016835,0.807172966426866,10,51,Logistic Regression,logistic,class_weight
0.002473034296332173,0.4600866321214604,0.0024603608529250955,0.35294117647058826,0.004886656712365957,0.3881856680588107,0.7695025003767958,11,51,Logistic Regression,logistic,class_weight
0.002638750249051502,0.48327669940876533,0.002484325091683426,0.40384615384615385,0.0049382716049382715,0.36571768959492623,0.724594802805409,12,52,Logistic Regression,logistic,class_weight
0.002755537399556596,0.495145384302562,0.00262492708535874,0.5192307692307693,0.00522344747533372,0.32597139395408736,0.645028112161,13,52,Logistic Regression,logistic,class_weight
0.0026851781295254584,0.4915601440548065,0.00303951367781155,0.2692307692307692,0.0060111635895234005,0.43646347199309454,0.8646461068986951,14,52,Logistic Regression,logistic,class_weight
0.002532324227336752,0.4701721180517141,0.0022719896137617657,0.27450980392156865,0.0045066795428939325,0.40920384375820795,0.8118081712897883,15,51,Logistic Regression,logistic,class_weight
0.003338749239561338,0.5091231836606955,0.0026403557531962203,0.37254901960784315,0.005243549054781289,0.39068425705898907,0.7741317105399547,16,51,Logistic Regression,logistic,class_weight
0.002570455561230303,0.49448552413426344,0.0022544737212906864,0.3076923076923077,0.004476150510560917,0.3920643856673675,0.7776089594747365,17,52,Logistic Regression,logistic,class_weight
0.002552471944650807,0.48745288109613044,0.0025044722719141325,0.40384615384615385,0.004978072774682945,0.3671338398441794,0.727380044970093,18,52,Logistic Regression,logistic,class_weight
0.002370618725833016,0.4592915154690775,0.0018982536066818527,0.19230769230769232,0.0037593984962406013,0.42423084786509174,0.8424852504516289,19,52,Logistic Regression,logistic,class_weight
0.00239869163060682,0.43758640039149904,0.0022816580048168338,0.35294117647058826,0.004534005037783375,0.37683853990622185,0.7472177521952352,20,51,Logistic Regression,logistic,class_weight
0.00238883172661227,0.44717603403888884,0.002181724845995893,0.3333333333333333,0.004335075863827617,0.37862695890960724,0.7509832420734831,21,51,Logistic Regression,logistic,class_weight
0.0030611760224413106,0.5296262552006756,0.0031163434903047093,0.5192307692307693,0.006195502524093621,0.3621697283543285,0.716266986049989,22,52,Logistic Regression,logistic,class_weight
0.0028208774277979007,0.5245956767916914,0.0029521747687463098,0.28846153846153844,0.0058445353594389245,0.428567029445711,0.8490606075217938,23,52,Logistic Regression,logistic,class_weight
0.0030965501942421332,0.4928739989676854,0.0026644462947543715,0.3076923076923077,0.005283143470364867,0.412422650468973,0.817415406872983,24,52,Logistic Regression,logistic,class_weight
0.002525225449981517,0.4516526582167458,0.0021825126176510706,0.3137254901960784,0.004334868599295584,0.3875600620050055,0.7688034581217587,25,51,Logistic Regression,logistic,class_weight
0.002467718773034604,0.4925283283648436,0.002397197123363452,0.5098039215686274,0.004771955584105717,0.3124626826360163,0.6185622286820815,26,51,Logistic Regression,logistic,class_weight
0.002627998253705627,0.495630259329934,0.0030236393622869707,0.4230769230769231,0.006004366812227074,0.38961488577224057,0.7712027169421587,27,52,Logistic Regression,logistic,class_weight
0.002013370243805461,0.39035714565020174,0.0012841091492776886,0.15384615384615385,0.0025469595670168737,0.4068092694476223,0.808939999515432,28,52,Logistic Regression,logistic,class_weight
0.0027614232978982432,0.48324052929583633,0.002584456341148237,0.2692307692307692,0.005119765953556409,0.42249572570316807,0.837670960457142,29,52,Logistic Regression,logistic,class_weight
0.0022583717835327295,0.44501621113041356,0.001750393838613688,0.19607843137254902,0.0034698126301179735,0.41647187342110337,0.8273381498782477,30,51,Logistic Regression,logistic,class_weight
0.0030106834441416515,0.5117798555400405,0.00285668941437867,0.35294117647058826,0.005667506297229219,0.40741436712009155,0.8070836483544358,31,51,Logistic Regression,logistic,class_weight
0.002762380265518034,0.49775061000406673,0.0026743688489516476,0.4807692307692308,0.005319148936170213,0.3470751761720255,0.6870292044810642,32,52,Logistic Regression,logistic,class_weight
0.0023857771827103776,0.42784942284230615,0.0022235948116121063,0.34615384615384615,0.004418804467902295,0.3726448515806174,0.7389293295947864,33,52,Logistic Regression,logistic,class_weight
0.0027929651140947078,0.4837874800575594,0.0027756360832690823,0.34615384615384615,0.005507113354749885,0.4039871867706568,0.8003661687428782,34,52,Logistic Regression,logistic,class_weight
0.0027680845807661666,0.49411904242203164,0.002726343292059525,0.47058823529411764,0.0054212785181838715,0.35879353132943254,0.7103383672989276,35,51,Logistic Regression,logistic,class_weight
0.0029591960560971632,0.5028196303682861,0.0027162258756254468,0.37254901960784315,0.005393130854385467,0.39455509267859695,0.7817045560184205,36,51,Logistic Regression,logistic,class_weight
0.0024057613486502304,0.4547096419745362,0.0020615287028227084,0.25,0.004089336269267065,0.40636621542988893,0.8065219834856282,37,52,Logistic Regression,logistic,class_weight
0.002386668643562475,0.4402464846560516,0.002488335925349922,0.3076923076923077,0.004936747917309472,0.404640308679276,0.8022363268373465,38,52,Logistic Regression,logistic,class_weight
0.0026077363583393636,0.47124133872430946,0.0024242424242424242,0.2692307692307692,0.004805217092843659,0.41616186615327466,0.8253495286236486,39,52,Logistic Regression,logistic,class_weight
0.003311586381814644,0.5577461096775416,0.003075148952527388,0.6274509803921569,0.006120302189920627,0.3238148680760924,0.639866519456059,40,51,Logistic Regression,logistic,class_weight
0.002572437297983939,0.45829757715112684,0.002135231316725979,0.35294117647058826,0.004244782454899187,0.3657675618929968,0.7254207751425583,41,51,Logistic Regression,logistic,class_weight
0.0025769509820768016,0.4635380822410611,0.0025206232813932174,0.21153846153846154,0.004981884057971014,0.43977685205410544,0.8722792487324748,42,52,Logistic Regression,logistic,class_weight
0.0029202437746297582,0.5103568719304282,0.003379721669980119,0.3269230769230769,0.006690279417552145,0.4299004560097713,0.8508791451569696,43,52,Logistic Regression,logistic,class_weight
0.002227053184456638,0.44160237510557765,0.0015710919088766694,0.15384615384615385,0.003110419906687403,0.42681173980408993,0.848278982573662,44,52,Logistic Regression,logistic,class_weight
0.0026839238889273683,0.48459917693504484,0.002682163611980331,0.47058823529411764,0.005333925991776864,0.35568348242181375,0.7042212534758688,45,51,Logistic Regression,logistic,class_weight
0.002357195641962486,0.44101450878729975,0.001996007984031936,0.2549019607843137,0.003960999390615478,0.4025704522558235,0.7991185502136978,46,51,Logistic Regression,logistic,class_weight
0.0025792524752691615,0.4595447062595802,0.0032095369096744614,0.2692307692307692,0.006343452650657001,0.44057539133646056,0.8725177274252591,47,52,Logistic Regression,logistic,class_weight
0.002620738094899937,0.5018001962961804,0.002397197123363452,0.25,0.004748858447488584,0.42217839119354383,0.8374069164661865,48,52,Logistic Regression,logistic,class_weight
0.0030365452580844573,0.48698755748115247,0.002468221646303838,0.38461538461538464,0.004904966278356836,0.372790897481044,0.7387370529361607,49,52,Logistic Regression,logistic,class_weight
0.0032831865971981174,0.5318651122320529,0.0,0.0,0.0,0.4993527425946138,0.9961231499760532,0,51,Logistic Regression,logistic,custom
0.002680426754692935,0.5073226667782956,0.0,0.0,0.0,0.4993527425946138,0.9961231499760532,1,51,Logistic Regression,logistic,custom
0.002364010211656953,0.44681918071761506,0.0,0.0,0.0,0.4993146164390516,0.9959964646713672,2,52,Logistic Regression,logistic,custom
0.00253915719283343,0.45697418431507486,0.0,0.0,0.0,0.4993400345212712,0.9960471668122537,3,52,Logistic Regression,logistic,custom
0.0025052768414904883,0.4585568711483718,0.0,0.0,0.0,0.4993400345212712,0.9960471668122537,4,52,Logistic Regression,logistic,custom
0.002796801170260148,0.4994224193006639,0.0,0.0,0.0,0.4993527425946138,0.9961231499760532,5,51,Logistic Regression,logistic,custom
0.0028509159851889164,0.49934866438823794,0.0,0.0,0.0,0.4993527425946138,0.9961231499760532,6,51,Logistic Regression,logistic,custom
0.0033106232526752613,0.5242916523289642,0.0,0.0,0.0,0.49932732580276684,0.9960218163853204,7,52,Logistic Regression,logistic,custom
0.0023882408231681793,0.4635630102918635,0.0,0.0,0.0,0.4993400345212712,0.9960471668122537,8,52,Logistic Regression,logistic,custom
0.002322402124752986,0.4252353990052241,0.0,0.0,0.0,0.4993400345212712,0.9960471668122537,9,52,Logistic Regression,logistic,custom
0.003351728168594064,0.4446588984803498,0.0,0.0,0.0,0.4993527425946138,0.9961231499760532,10,51,Logistic Regression,logistic,custom
0.0026669441993601465,0.4839762469314468,0.0,0.0,0.0,0.4993527425946138,0.9961231499760532,11,51,Logistic Regression,logistic,custom
0.0027996097492316474,0.4892271717708887,0.0,0.0,0.0,0.4993400345212712,0.9960471668122537,12,52,Logistic Regression,logistic,custom
0.0031525696083204895,0.536671606656865,0.0,0.0,0.0,0.4993400345212712,0.9960471668122537,13,52,Logistic Regression,logistic,custom
0.0029149654326232795,0.498008199862358,0.0,0.0,0.0,0.4993400345212712,0.9960471668122537,14,52,Logistic Regression,logistic,custom
0.0025995617475859088,0.47474591931013244,0.0,0.0,0.0,0.4993527425946138,0.9961231499760532,15,51,Logistic Regression,logistic,custom
0.003314741639870596,0.5029646484731238,0.0,0.0,0.0,0.4993527425946138,0.9961231499760532,16,51,Logistic Regression,logistic,custom
0.002928215843030489,0.5133203772640536,0.0,0.0,0.0,0.4993400345212712,0.9960471668122537,17,52,Logistic Regression,logistic,custom
0.002630147632767929,0.490523430412613,0.0,0.0,0.0,0.4993400345212712,0.9960471668122537,18,52,Logistic Regression,logistic,custom
0.0023518679419948013,0.4611850697594394,0.0,0.0,0.0,0.4993400345212712,0.9960471668122537,19,52,Logistic Regression,logistic,custom
0.0024289093065771586,0.4629650670820863,0.0,0.0,0.0,0.4993527425946138,0.9961231499760532,20,51,Logistic Regression,logistic,custom
0.0024446400982879243,0.4558093455447547,0.0,0.0,0.0,0.4993400345212712,0.9960977995474516,21,51,Logistic Regression,logistic,custom
0.003138722137293906,0.541529155066162,0.0,0.0,0.0,0.4993400345212712,0.9960471668122537,22,52,Logistic Regression,logistic,custom
0.0027267604808475353,0.4875379297400444,0.0,0.0,0.0,0.4993146164390516,0.9959964646713672,23,52,Logistic Regression,logistic,custom
0.00299509395494424,0.5084251923858979,0.0,0.0,0.0,0.4993400345212712,0.9960471668122537,24,52,Logistic Regression,logistic,custom
0.0025349177776915876,0.4813728978604099,0.0,0.0,0.0,0.4993527425946138,0.9961231499760532,25,51,Logistic Regression,logistic,custom
0.0033041377045220565,0.5396706743491378,0.0,0.0,0.0,0.4993400345212712,0.9960977995474516,26,51,Logistic Regression,logistic,custom
0.002545220487887312,0.4891558091156505,0.0,0.0,0.0,0.4993400345212712,0.9960471668122537,27,52,Logistic Regression,logistic,custom
0.001976777968091271,0.384987350236181,0.0,0.0,0.0,0.4993400345212712,0.9960471668122537,28,52,Logistic Regression,logistic,custom
0.0028375579181582405,0.47688534269715643,0.0,0.0,0.0,0.4993400345212712,0.9960471668122537,29,52,Logistic Regression,logistic,custom
0.0023029320312917736,0.4496229030930219,0.0,0.0,0.0,0.4993527425946138,0.9961231499760532,30,51,Logistic Regression,logistic,custom
0.002698405043543971,0.49314776996042153,0.0,0.0,0.0,0.4993527425946138,0.9961231499760532,31,51,Logistic Regression,logistic,custom
0.002752569092602558,0.49993548033909974,0.0,0.0,0.0,0.49932732580276684,0.9960218163853204,32,52,Logistic Regression,logistic,custom
0.002495567185314882,0.41628769512309566,0.0,0.0,0.0,0.4993400345212712,0.9960471668122537,33,52,Logistic Regression,logistic,custom
0.0026322022029044425,0.4814002526042481,0.0,0.0,0.0,0.4993400345212712,0.9960471668122537,34,52,Logistic Regression,logistic,custom
0.002732931061367061,0.4940512676376402,0.0,0.0,0.0,0.4993527425946138,0.9961231499760532,35,51,Logistic Regression,logistic,custom
0.0026834507417786767,0.5246839751505746,0.0,0.0,0.0,0.4993527425946138,0.9961231499760532,36,51,Logistic Regression,logistic,custom
0.002477445392897306,0.4641422208840366,0.0,0.0,0.0,0.4993400345212712,0.9960471668122537,37,52,Logistic Regression,logistic,custom
0.002442575862818802,0.46096707151124594,0.0,0.0,0.0,0.4993400345212712,0.9960471668122537,38,52,Logistic Regression,logistic,custom
0.0026780560650530487,0.481957467857478,0.0,0.0,0.0,0.4993400345212712,0.9960471668122537,39,52,Logistic Regression,logistic,custom
0.003368154115039817,0.5257364776846538,0.0,0.0,0.0,0.4993527425946138,0.9961231499760532,40,51,Logistic Regression,logistic,custom
0.004916071456935936,0.4663298857895214,0.0,0.0,0.0,0.4993527425946138,0.9961231499760532,41,51,Logistic Regression,logistic,custom
0.00254864932888996,0.45715650123564927,0.0,0.0,0.0,0.4993400345212712,0.9960471668122537,42,52,Logistic Regression,logistic,custom
0.003103390280806119,0.5230027254668878,0.0,0.0,0.0,0.4993400345212712,0.9960471668122537,43,52,Logistic Regression,logistic,custom
0.0022764786618926086,0.448008395376482,0.0,0.0,0.0,0.49932732580276684,0.9960218163853204,44,52,Logistic Regression,logistic,custom
0.002632148851354284,0.47867386674082024,0.0,0.0,0.0,0.4993527425946138,0.9961231499760532,45,51,Logistic Regression,logistic,custom
0.002387135668169684,0.44581156815900763,0.0,0.0,0.0,0.4993527425946138,0.9961231499760532,46,51,Logistic Regression,logistic,custom
0.0028024440664309183,0.5377630642537616,0.0,0.0,0.0,0.4993400345212712,0.9960471668122537,47,52,Logistic Regression,logistic,custom
0.002766198489039154,0.5276315223511747,0.0,0.0,0.0,0.4993400345212712,0.9960471668122537,48,52,Logistic Regression,logistic,custom
0.002795957476550268,0.5033559999374355,0.0,0.0,0.0,0.49932732580276684,0.9960218163853204,49,52,Logistic Regression,logistic,custom
0.0033687477836117684,0.5422974455883101,0.003659061558329746,0.3333333333333333,0.007238662976367894,0.43652773700169434,0.8635968006056771,0,51,Logistic Regression,logistic,smote_class_weight
0.0026348159368888846,0.5047352647153509,0.0022150624244865083,0.21568627450980393,0.004385090691648395,0.42965616824379405,0.8527280139002633,1,51,Logistic Regression,logistic,smote_class_weight
0.002372356363752004,0.4506561453999437,0.002491572622013777,0.3269230769230769,0.004945454545454545,0.3974624426811944,0.7879097813155086,2,52,Logistic Regression,logistic,smote_class_weight
0.0026836656403675337,0.4635806065630181,0.002151405136479763,0.3076923076923077,0.004272933635999466,0.38547136465585446,0.76465982625642,3,52,Logistic Regression,logistic,smote_class_weight
0.002489923590309837,0.45308247567804294,0.0024266490183101697,0.4230769230769231,0.00482561965343277,0.3528249430281671,0.698989348048056,4,52,Logistic Regression,logistic,smote_class_weight
0.0028066243470637447,0.49774898013899815,0.002458100558659218,0.43137254901960786,0.004888345739362293,0.3553525053819155,0.7040042869934638,5,51,Logistic Regression,logistic,smote_class_weight
0.0031850974574881884,0.5066753179185566,0.002825328236662789,0.6666666666666666,0.005626810095159289,0.2832285642041049,0.5593947383637952,6,51,Logistic Regression,logistic,smote_class_weight
0.003252967328609903,0.5305197547470829,0.0027459407831900667,0.4423076923076923,0.005457997152349312,0.36762261559745124,0.7278776254277545,7,52,Logistic Regression,logistic,smote_class_weight
0.002414362866446713,0.4673090609065599,0.0027434842249657062,0.4230769230769231,0.00545161690001239,0.3748136434884101,0.7422281112264126,8,52,Logistic Regression,logistic,smote_class_weight
0.0022814846293884167,0.4258620217724528,0.0018664454583160513,0.17307692307692307,0.0036930652441526466,0.43162035109838803,0.8572912773030168,9,52,Logistic Regression,logistic,smote_class_weight
0.0022127879630172366,0.41273498165595723,0.0015293118096856414,0.17647058823529413,0.003032345013477089,0.41321944297701785,0.8212853138064945,10,51,Logistic Regression,logistic,smote_class_weight
0.0026409366720977208,0.4835088002567468,0.0025579081995168395,0.35294117647058826,0.005079006772009029,0.39357782229824184,0.7800675687115323,11,51,Logistic Regression,logistic,smote_class_weight
0.0028105273753497306,0.4879475318296994,0.0024826216484607746,0.38461538461538464,0.00493339911198816,0.37374940536326917,0.740620731800611,12,52,Logistic Regression,logistic,smote_class_weight
0.0030080564291151395,0.5241235101823756,0.0028166278166278165,0.5576923076923077,0.005604947816003092,0.32599835019666135,0.644702393732887,13,52,Logistic Regression,logistic,smote_class_weight
0.002785007146727618,0.49683120483623733,0.002448355011476664,0.3076923076923077,0.004858053742219523,0.40269073527925314,0.798425738917288,14,52,Logistic Regression,logistic,smote_class_weight
0.0025771786136215323,0.4724336031367764,0.003004205888243541,0.29411764705882354,0.005947660586835844,0.43010439650664894,0.852067663197917,15,51,Logistic Regression,logistic,smote_class_weight
0.004099632386770811,0.5066882748626315,0.0027533039647577094,0.39215686274509803,0.005468215994531784,0.3895327262401937,0.7716110987833077,16,51,Logistic Regression,logistic,smote_class_weight
0.002889401193214949,0.5117846138205024,0.0025220680958385876,0.3076923076923077,0.0050031269543464665,0.40622902323755083,0.8053393500007059,17,52,Logistic Regression,logistic,smote_class_weight
0.0026140269311694074,0.49661565051459317,0.0027578599007170436,0.4807692307692308,0.005484260173302622,0.3532745886274182,0.6992311007076122,18,52,Logistic Regression,logistic,smote_class_weight
0.0023272853156353674,0.45630014937279073,0.0020232675771370764,0.23076923076923078,0.004011365535684439,0.412972364375492,0.8197770083238302,19,52,Logistic Regression,logistic,smote_class_weight
0.00243715267334235,0.46628104807723936,0.0023097651738739895,0.35294117647058826,0.004589495155532891,0.3787660803204572,0.7510076618508844,20,51,Logistic Regression,logistic,smote_class_weight
0.002458877197652771,0.4549691375559017,0.002216202905688254,0.35294117647058826,0.004404747338798483,0.37211444401312427,0.7379225796926833,21,51,Logistic Regression,logistic,smote_class_weight
0.003022665679710869,0.535423248975506,0.0030971258671952428,0.4807692307692308,0.006154603643525357,0.37419848685560253,0.7403017614764175,22,52,Logistic Regression,logistic,smote_class_weight
0.002722802825232257,0.4912566083773892,0.002725785934944576,0.28846153846153844,0.0054005400540054005,0.42119376425884997,0.8347946088592886,23,52,Logistic Regression,logistic,smote_class_weight
0.002974309361109222,0.5008861677667595,0.002777777777777778,0.4423076923076923,0.005520883341334613,0.3696135076174471,0.7317863573587433,24,52,Logistic Regression,logistic,smote_class_weight
0.0025782567246120276,0.485635732461032,0.0025820170109356016,0.3333333333333333,0.005124340617935192,0.40197703636815146,0.7967774620430016,25,51,Logistic Regression,logistic,smote_class_weight
0.003266669556965982,0.5349962076021381,0.002598181273108824,0.5098039215686274,0.005170013919268244,0.33235703826279844,0.6578520591342621,26,51,Logistic Regression,logistic,smote_class_weight
0.0025223340939504535,0.48633551787781143,0.002593422138394436,0.4230769230769231,0.005155243116578793,0.36524057889015626,0.7234272696160531,27,52,Logistic Regression,logistic,smote_class_weight
0.0019444283685336548,0.3742037687302531,0.0009809417040358745,0.1346153846153846,0.0019476905954368391,0.3897835167174333,0.7755743760012281,28,52,Logistic Regression,logistic,smote_class_weight
0.0027021988976349467,0.4771707933181093,0.0024465619366469227,0.36538461538461536,0.004860578152980302,0.37944578069836815,0.7520558838184508,29,52,Logistic Regression,logistic,smote_class_weight
0.002296631963418376,0.4502797204888157,0.0018293696989855313,0.21568627450980393,0.0036279683377308707,0.4113215326951055,0.8169067648904211,30,51,Logistic Regression,logistic,smote_class_weight
0.002653855705697739,0.48661448008268526,0.00302355187778485,0.37254901960784315,0.005998421468034728,0.4079157087861419,0.8077545351781465,31,51,Logistic Regression,logistic,smote_class_weight
0.002727130046561669,0.4983840757656333,0.0029911462072266092,0.4807692307692308,0.005945303210463734,0.3682990257272758,0.7287421425281202,32,52,Logistic Regression,logistic,smote_class_weight
0.002617797545951152,0.41982650076641537,0.002331002331002331,0.36538461538461536,0.004632451542118737,0.3716553200261402,0.7367429634887492,33,52,Logistic Regression,logistic,smote_class_weight
0.0026078688949153776,0.4816309592704977,0.002872384078785392,0.40384615384615385,0.005704196658970528,0.38876451846350424,0.7698050535377767,34,52,Logistic Regression,logistic,smote_class_weight
0.0027065551986588925,0.4903067108000116,0.0028200789622109417,0.49019607843137253,0.005607895917451772,0.35761201818013294,0.7077957987032687,35,51,Logistic Regression,logistic,smote_class_weight
0.0026320526990305237,0.5131443214199216,0.002992220227408737,0.5882352941176471,0.005954153021732658,0.3324517283783547,0.6572608656551564,36,51,Logistic Regression,logistic,smote_class_weight
0.002431917389707195,0.45527272265148433,0.0022281639928698753,0.28846153846153844,0.004422169811320755,0.39882509421254253,0.791148425015218,37,52,Logistic Regression,logistic,smote_class_weight
0.0024188907858411963,0.4475450269027435,0.0023720772619451034,0.2692307692307692,0.0047027208599261005,0.41388775500809644,0.8209152529794563,38,52,Logistic Regression,logistic,smote_class_weight
0.0026880298732243624,0.48159087887508994,0.0026260504201680674,0.38461538461538464,0.005216484089723527,0.38259565551245145,0.7579849955709549,39,52,Logistic Regression,logistic,smote_class_weight
0.0031102964026009446,0.52450656468555,0.0027633469658450314,0.49019607843137253,0.005495713343591998,0.35368690115285034,0.7000774652977128,40,51,Logistic Regression,logistic,smote_class_weight
0.0031046778999725983,0.46535412823188543,0.0023481368044920878,0.45098039215686275,0.004671947999187487,0.33680661787500754,0.6672236981986408,41,51,Logistic Regression,logistic,smote_class_weight
0.00254013264811731,0.46026810851815936,0.0026833631484794273,0.23076923076923078,0.005305039787798408,0.4382269099981255,0.8688660852935329,42,52,Logistic Regression,logistic,smote_class_weight
0.003130697522158236,0.5162359816373135,0.0028226841159866563,0.4230769230769231,0.005607953097119552,0.3793624222165555,0.7511461721721087,43,52,Logistic Regression,logistic,smote_class_weight
0.0022556291160149306,0.4450561321049833,0.0017035775127768314,0.15384615384615385,0.003369839932603201,0.4335004819259558,0.8613631464924523,44,52,Logistic Regression,logistic,smote_class_weight
0.002646441241559554,0.4812592754277536,0.002689328743545611,0.49019607843137253,0.005349309939017867,0.34824456959028566,0.689366592753801,45,51,Logistic Regression,logistic,smote_class_weight
0.0023606474026218235,0.4439846390444553,0.0022207417277370642,0.19607843137254902,0.004391743522178305,0.4372276823875579,0.8678252686994864,46,51,Logistic Regression,logistic,smote_class_weight
0.002759514580193842,0.5311341578815654,0.0030798845043310875,0.3076923076923077,0.006098723079855155,0.42680890073468797,0.8453007728492602,47,52,Logistic Regression,logistic,smote_class_weight
0.0027060660274789827,0.5178753675665531,0.0023988005997001498,0.3076923076923077,0.0047604879500148765,0.40016793571857523,0.7934904932737951,48,52,Logistic Regression,logistic,smote_class_weight
0.0028696232183611226,0.5073073403822692,0.002750832488779499,0.36538461538461536,0.005460554677396178,0.3962173037168568,0.7849136845804857,49,52,Logistic Regression,logistic,smote_class_weight
0.004577920986554997,0.5008980158931869,0.0,0.0,0.0,0.4993527425946138,0.9961231499760532,0,51,Decision Tree,decision_tree,none
0.0031346552718654686,0.45298423339243693,0.0,0.0,0.0,0.4993527425946138,0.9961231499760532,1,51,Decision Tree,decision_tree,none
0.0032559568490646,0.5081739567366346,0.0,0.0,0.0,0.4993400345212712,0.9960471668122537,2,52,Decision Tree,decision_tree,none
0.0035451276630333603,0.514429431132105,0.0,0.0,0.0,0.4993400345212712,0.9960471668122537,3,52,Decision Tree,decision_tree,none
0.002420180276817831,0.44354383035630496,0.0,0.0,0.0,0.4993400345212712,0.9960471668122537,4,52,Decision Tree,decision_tree,none
0.00314249897629999,0.4634524475169013,0.0,0.0,0.0,0.4993527425946138,0.9961231499760532,5,51,Decision Tree,decision_tree,none
0.008929456261779586,0.4432650303042988,0.0,0.0,0.0,0.4993527425946138,0.9961231499760532,6,51,Decision Tree,decision_tree,none
0.0037419644389015128,0.4761218600431695,0.0,0.0,0.0,0.4993400345212712,0.9960471668122537,7,52,Decision Tree,decision_tree,none
0.0028818180370241593,0.5235941556918071,0.0,0.0,0.0,0.4993400345212712,0.9960471668122537,8,52,Decision Tree,decision_tree,none
0.0037205692105531972,0.4530907850283104,0.0,0.0,0.0,0.4993400345212712,0.9960471668122537,9,52,Decision Tree,decision_tree,none
0.0034286033109607924,0.4750653578159775,0.0,0.0,0.0,0.4993527425946138,0.9961231499760532,10,51,Decision Tree,decision_tree,none
0.0058629932693821905,0.5080622092785674,0.0,0.0,0.0,0.4993527425946138,0.9961231499760532,11,51,Decision Tree,decision_tree,none
0.005520222701209071,0.43353839506365943,0.0,0.0,0.0,0.4993400345212712,0.9960471668122537,12,52,Decision Tree,decision_tree,none
0.0021830087909134543,0.396760233209247,0.0,0.0,0.0,0.4993400345212712,0.9960471668122537,13,52,Decision Tree,decision_tree,none
0.0025184653826291325,0.4764268620765164,0.0,0.0,0.0,0.4993400345212712,0.9960471668122537,14,52,Decision Tree,decision_tree,none
0.0069125259793238435,0.539571503892565,0.0,0.0,0.0,0.4993527425946138,0.9961231499760532,15,51,Decision Tree,decision_tree,none
0.008810675663678623,0.4409970667471991,0.0,0.0,0.0,0.4993527425946138,0.9961231499760532,16,51,Decision Tree,decision_tree,none
0.0023098837889455296,0.4305499616792317,0.0,0.0,0.0,0.4993400345212712,0.9960471668122537,17,52,Decision Tree,decision_tree,none
0.002736004007969925,0.47720256436324965,0.0,0.0,0.0,0.4993400345212712,0.9960471668122537,18,52,Decision Tree,decision_tree,none
0.004335159996280001,0.5513654706415991,0.0,0.0,0.0,0.4993400345212712,0.9960471668122537,19,52,Decision Tree,decision_tree,none
0.002267210312427921,0.41885813441932457,0.0,0.0,0.0,0.4993527425946138,0.9961231499760532,20,51,Decision Tree,decision_tree,none
0.004098902646766088,0.5047626736355092,0.0,0.0,0.0,0.4993527425946138,0.9961231499760532,21,51,Decision Tree,decision_tree,none
0.002323967058206502,0.42887733834892233,0.0,0.0,0.0,0.4993400345212712,0.9960471668122537,22,52,Decision Tree,decision_tree,none
0.0022935804085358136,0.424885428723371,0.0,0.0,0.0,0.4993400345212712,0.9960471668122537,23,52,Decision Tree,decision_tree,none
0.005402585451326254,0.4481912010823662,0.0,0.0,0.0,0.4993400345212712,0.9960471668122537,24,52,Decision Tree,decision_tree,none
0.0034855663837662382,0.4472752044954616,0.0,0.0,0.0,0.4993527425946138,0.9961231499760532,25,51,Decision Tree,decision_tree,none
0.003123582388490133,0.4562065257150489,0.0,0.0,0.0,0.4993527425946138,0.9961231499760532,26,51,Decision Tree,decision_tree,none
0.0036665602435574703,0.4941511949823255,0.0,0.0,0.0,0.4993400345212712,0.9960471668122537,27,52,Decision Tree,decision_tree,none
0.002413321857438261,0.4024878194700785,0.0,0.0,0.0,0.4993400345212712,0.9960471668122537,28,52,Decision Tree,decision_tree,none
0.002829439182757707,0.47241442346795137,0.0,0.0,0.0,0.4993400345212712,0.9960471668122537,29,52,Decision Tree,decision_tree,none
0.002509048233423922,0.4552457184774993,0.0,0.0,0.0,0.4993527425946138,0.9961231499760532,30,51,Decision Tree,decision_tree,none
0.002916482460063821,0.4911489121648761,0.0,0.0,0.0,0.4993527425946138,0.9961231499760532,31,51,Decision Tree,decision_tree,none
0.003253977617964812,0.49974045500046926,0.0,0.0,0.0,0.4993400345212712,0.9960471668122537,32,52,Decision Tree,decision_tree,none
0.003936834790205168,0.48910644179935553,0.0,0.0,0.0,0.4993400345212712,0.9960471668122537,33,52,Decision Tree,decision_tree,none
0.007076458884766806,0.5386946890543374,0.0,0.0,0.0,0.4993400345212712,0.9960471668122537,34,52,Decision Tree,decision_tree,none
0.003533101984226488,0.49334361915355274,0.0,0.0,0.0,0.4993527425946138,0.9961231499760532,35,51,Decision Tree,decision_tree,none
0.009357928557193248,0.49397302762918815,0.0,0.0,0.0,0.4993527425946138,0.9961231499760532,36,51,Decision Tree,decision_tree,none
0.0030525000934433426,0.5237534997028186,0.0,0.0,0.0,0.4993400345212712,0.9960471668122537,37,52,Decision Tree,decision_tree,none
0.0038271906069291886,0.4704656364375763,0.0,0.0,0.0,0.4993400345212712,0.9960471668122537,38,52,Decision Tree,decision_tree,none
0.002828699336501758,0.4101505067726092,0.0,0.0,0.0,0.4993400345212712,0.9960471668122537,39,52,Decision Tree,decision_tree,none
0.0038258082530384834,0.494974200730971,0.0,0.0,0.0,0.4993527425946138,0.9961231499760532,40,51,Decision Tree,decision_tree,none
0.0035693232875461407,0.4247824479255434,0.0,0.0,0.0,0.4993527425946138,0.9961231499760532,41,51,Decision Tree,decision_tree,none
0.003339634259542545,0.5096564425814121,0.0,0.0,0.0,0.4993400345212712,0.9960471668122537,42,52,Decision Tree,decision_tree,none
0.003934300313418372,0.47206103168892916,0.0,0.0,0.0,0.4993400345212712,0.9960471668122537,43,52,Decision Tree,decision_tree,none
0.004884649008030881,0.48265496449463513,0.0,0.0,0.0,0.4993400345212712,0.9960471668122537,44,52,Decision Tree,decision_tree,none
0.004067996301617841,0.43729785921383246,0.0,0.0,0.0,0.4993527425946138,0.9961231499760532,45,51,Decision Tree,decision_tree,none
0.002172491257166071,0.4158894991941777,0.0,0.0,0.0,0.4993527425946138,0.9961231499760532,46,51,Decision Tree,decision_tree,none
0.003338604416315812,0.49905224528419934,0.0,0.0,0.0,0.4993400345212712,0.9960471668122537,47,52,Decision Tree,decision_tree,none
0.003694305337355889,0.505074080301561,0.0,0.0,0.0,0.4993400345212712,0.9960471668122537,48,52,Decision Tree,decision_tree,none
0.005146073611130454,0.560610355992117,0.0,0.0,0.0,0.4993400345212712,0.9960471668122537,49,52,Decision Tree,decision_tree,none
0.0033875702085700023,0.5014342340402842,0.0056022408963585435,0.11764705882352941,0.0106951871657754,0.49086656242910176,0.9685547963277525,0,51,Decision Tree,decision_tree,class_weight
0.004903021674859437,0.52751905418295,0.0031824611032531826,0.35294117647058826,0.006308042754512003,0.4191167966358435,0.8297907658438889,1,51,Decision Tree,decision_tree,class_weight
0.003443831058391693,0.5291917250602183,0.002967359050445104,0.5384615384615384,0.005902192242833052,0.34554121628163015,0.6833894038521634,2,52,Decision Tree,decision_tree,class_weight
0.0039265755132046895,0.4758676916820471,0.0028694404591104736,0.23076923076923078,0.005668398677373642,0.4430568380619219,0.8781390313657566,3,52,Decision Tree,decision_tree,class_weight
0.0035173963340002484,0.46091330512716244,0.001971220185294697,0.19230769230769232,0.003902439024390244,0.4275841770042558,0.8490319411071237,4,52,Decision Tree,decision_tree,class_weight
0.002778930671865477,0.46298201077818407,0.0020926756352765323,0.4117647058823529,0.004164187983343248,0.33104469871887005,0.656234791076024,5,51,Decision Tree,decision_tree,class_weight
0.0033242083053507746,0.4490348571696253,0.0024752475247524753,0.21568627450980393,0.00489432703003337,0.43846123955999133,0.8697860194049942,6,51,Decision Tree,decision_tree,class_weight
0.0028676335466726144,0.4812115814746457,0.0021012081947119595,0.23076923076923078,0.004164497657470068,0.4168959641322826,0.8274511949290693,7,52,Decision Tree,decision_tree,class_weight
0.002447921516422076,0.4342388244126756,0.002252713495801761,0.21153846153846154,0.004457953394123607,0.43105289811797565,0.8553985083127625,8,52,Decision Tree,decision_tree,class_weight
0.0034782394326769027,0.5357038117433603,0.003098373353989156,0.46153846153846156,0.00615542446781226,0.38064485283422206,0.7531596867699836,9,52,Decision Tree,decision_tree,class_weight
0.004307065239385773,0.5228356172438985,0.002906532048340217,0.37254901960784315,0.005768063145112325,0.40321878507225184,0.7986141443124836,10,51,Decision Tree,decision_tree,class_weight
0.003400076901019007,0.49056734471351704,0.002577319587628866,0.21568627450980393,0.005093771706413522,0.44138659094017196,0.8754231808309045,11,51,Decision Tree,decision_tree,class_weight
0.0035533498597482573,0.4416541863484218,0.0030168946098149637,0.28846153846153844,0.005971337579617835,0.4304490664193697,0.8526886243100577,12,52,Decision Tree,decision_tree,class_weight
0.0050136557773850085,0.5672192221666092,0.0038038884192730348,0.34615384615384615,0.007525083612040134,0.4352765044185287,0.860772492870329,13,52,Decision Tree,decision_tree,class_weight
0.0027929673747542133,0.4583926392842619,0.002407250070801473,0.3269230769230769,0.004779308405960078,0.39290737548707727,0.7789889348123419,14,52,Decision Tree,decision_tree,class_weight
0.00498597954511765,0.550283408234437,0.003997715591090805,0.27450980392156865,0.007880664227413453,0.45483878593735905,0.8994855241341018,15,51,Decision Tree,decision_tree,class_weight
0.0029403576234880596,0.49102731622817375,0.00316147859922179,0.2549019607843137,0.006245496036512131,0.44450010383517546,0.8804883371664152,16,51,Decision Tree,decision_tree,class_weight
0.003082353057475894,0.5025196882722808,0.0025232403718459494,0.36538461538461536,0.005011870218939594,0.3841352578986495,0.7612596173731936,17,52,Decision Tree,decision_tree,class_weight
0.0026803112760172853,0.48630130290612195,0.0028116213683223993,0.057692307692307696,0.005361930294906166,0.4881619325611607,0.9684162442861612,18,52,Decision Tree,decision_tree,class_weight
0.003847240896377165,0.5680095880126381,0.004284274193548387,0.3269230769230769,0.00845771144278607,0.4479739161255931,0.8851726555231124,19,52,Decision Tree,decision_tree,class_weight
0.0030932736090541093,0.4612363117361009,0.002067280586355948,0.21568627450980393,0.004095309009679821,0.42354665673514863,0.8408288685111143,20,51,Decision Tree,decision_tree,class_weight
0.0028764891258034886,0.5040131642551801,0.002364737041241014,0.49019607843137253,0.004706768332862657,0.31895355762696903,0.6315752621254964,21,51,Decision Tree,decision_tree,class_weight
0.0030411376541755342,0.46658614743329063,0.002145922746781116,0.3076923076923077,0.004262120404901438,0.3850991253245547,0.7639280665395007,22,52,Decision Tree,decision_tree,class_weight
0.0035025722015501154,0.46221640676322456,0.0022110552763819095,0.4230769230769231,0.004399120175964807,0.3331103798937285,0.6600884226671276,23,52,Decision Tree,decision_tree,class_weight
0.0040699167469467525,0.47374000922826665,0.003171582619727244,0.19230769230769232,0.0062402496099844,0.45918060544953043,0.9097327136208899,24,52,Decision Tree,decision_tree,class_weight
0.003206671825597086,0.5157715910030968,0.004626569729015202,0.13725490196078433,0.008951406649616368,0.48401851823347675,0.9566288844623608,25,51,Decision Tree,decision_tree,class_weight
0.003214647654335626,0.47823731739429876,0.0024299599771297883,0.3333333333333333,0.004824748119767277,0.39419040560212,0.7815425112155212,26,51,Decision Tree,decision_tree,class_weight
0.003736721556619915,0.5205167633809866,0.0029702970297029703,0.46153846153846156,0.005902606984751598,0.37387990229171164,0.739916940109728,27,52,Decision Tree,decision_tree,class_weight
0.002626652830611094,0.4399023797979166,0.002028985507246377,0.1346153846153846,0.003997715591090805,0.4534816375206887,0.9005955367428906,28,52,Decision Tree,decision_tree,class_weight
0.005102955235441727,0.5746712430005944,0.0033814540252308494,0.5,0.006717478361968738,0.3821079112880901,0.755518998999026,29,52,Decision Tree,decision_tree,class_weight
0.0026259669363073654,0.43368237347294936,0.002334960730205901,0.21568627450980393,0.004619907601847963,0.4339826747834529,0.8611250504495173,30,51,Decision Tree,decision_tree,class_weight
0.005087705124700471,0.5816840638558072,0.0046307015512850195,0.39215686274509803,0.009153318077803204,0.4428570627107187,0.8743179670499536,31,51,Decision Tree,decision_tree,class_weight
0.003499609060154966,0.5043580098226296,0.002766798418972332,0.40384615384615385,0.005495943470295734,0.38327365871244773,0.759059441162814,32,52,Decision Tree,decision_tree,class_weight
0.002535992355924532,0.4734662894547503,0.002385211687537269,0.07692307692307693,0.004626951995373048,0.47950003979842354,0.951869233810584,33,52,Decision Tree,decision_tree,class_weight
0.0033670410972007803,0.5172233279632121,0.0033691303432301536,0.3076923076923077,0.006665278067069361,0.43450994154168837,0.8600986810150215,34,52,Decision Tree,decision_tree,class_weight
0.002427485939074991,0.4374040064864455,0.0022878059940517046,0.19607843137254902,0.004522840343735866,0.4394223863113072,0.8720729080602266,35,51,Decision Tree,decision_tree,class_weight
0.0037544926662109335,0.5241078894832472,0.003135689851767389,0.21568627450980393,0.0061815116605788145,0.45381381860718484,0.8991312555827631,36,51,Decision Tree,decision_tree,class_weight
0.0030516605055775025,0.5055604216848625,0.0033507073715562173,0.17307692307692307,0.006574141709276844,0.4662399447309664,0.9234820383877069,37,52,Decision Tree,decision_tree,class_weight
0.0030278745976887508,0.44391481840648167,0.0022110849056603773,0.28846153846153844,0.004388531304856641,0.3978461729258246,0.789229205201397,38,52,Decision Tree,decision_tree,class_weight
0.003522665865145328,0.43318451449932743,0.002390438247011952,0.17307692307692307,0.004715745349751114,0.44904755300941573,0.8910365038450787,39,52,Decision Tree,decision_tree,class_weight
0.0031356491374014655,0.525469365299111,0.0032941176470588237,0.27450980392156865,0.006510113926993723,0.4424675075282677,0.8761704063948362,40,51,Decision Tree,decision_tree,class_weight
0.0034931839729564606,0.46417006288104634,0.002324945295404814,0.3333333333333333,0.004617683009642808,0.38809659279046893,0.769592393222398,41,51,Decision Tree,decision_tree,class_weight
0.003538584797085792,0.5369785638314513,0.0035636507622253018,0.34615384615384615,0.007054673721340388,0.4297611409078386,0.8502387765902101,42,52,Decision Tree,decision_tree,class_weight
0.003836363044102116,0.5184931921982044,0.0035371399696816574,0.40384615384615385,0.007012856904324595,0.41463646820230426,0.8201107763378934,43,52,Decision Tree,decision_tree,class_weight
0.0038471817672108824,0.5023280844308193,0.0027788069655427937,0.28846153846153844,0.005504587155963303,0.4230417223679105,0.838377282744021,44,52,Decision Tree,decision_tree,class_weight
0.0034154538815565376,0.5154048098169782,0.002764513696908771,0.43137254901960786,0.0054938194531152455,0.37607303333099795,0.7447358468937547,45,51,Decision Tree,decision_tree,class_weight
0.0028186379893938365,0.4413613562133032,0.0021566248820595766,0.3137254901960784,0.00428380187416332,0.3858431955771467,0.7654294064491777,46,51,Decision Tree,decision_tree,class_weight
0.0032359719966207497,0.4560366940907811,0.0023950586159082314,0.36538461538461536,0.004758922980588604,0.37608826230394843,0.7454596696008619,47,52,Decision Tree,decision_tree,class_weight
0.003443678742517307,0.5122044804016642,0.00384172109104879,0.19230769230769232,0.007532956685499058,0.4679580365195766,0.9259554035011525,48,52,Decision Tree,decision_tree,class_weight
0.003933423007101195,0.5289184940720117,0.0035374149659863946,0.25,0.00697612020391736,0.4516837993029889,0.8940466396966102,49,52,Decision Tree,decision_tree,class_weight
0.0033147893743896576,0.5293574452095686,0.0,0.0,0.0,0.49913661757237177,0.995692017592909,0,51,Decision Tree,decision_tree,custom
0.004682071709601238,0.5154476674012258,0.05555555555555555,0.0196078431372549,0.028985507246376812,0.5136420463934467,0.9957922497570546,1,51,Decision Tree,decision_tree,custom
0.003062560089672029,0.4812086487627867,0.0,0.0,0.0,0.49918748730448914,0.9957428767241847,2,52,Decision Tree,decision_tree,custom
0.00355605352244121,0.5198930733256171,0.0,0.0,0.0,0.49926377253109927,0.9958950449433974,3,52,Decision Tree,decision_tree,custom
0.0026960833356246337,0.46101790518347047,0.0,0.0,0.0,0.4991620537301305,0.9956921436807065,4,52,Decision Tree,decision_tree,custom
0.0030308086768505308,0.49842672798291277,0.0,0.0,0.0,0.49927648447614936,0.9959710280976767,5,51,Decision Tree,decision_tree,custom
0.004367355242384688,0.5517071770506606,0.0,0.0,0.0,0.49906029359475795,0.9955397643368155,6,51,Decision Tree,decision_tree,custom
0.008480149519715412,0.517354322426252,0.14285714285714285,0.019230769230769232,0.03389830508474576,0.5162256002815894,0.9960096974100658,7,52,Decision Tree,decision_tree,custom
0.00240395512329129,0.44852308630775495,0.0,0.0,0.0,0.4991747708402102,0.9957175108465438,8,52,Decision Tree,decision_tree,custom
0.004105163815989504,0.4828514561891951,0.0,0.0,0.0,0.49921291829584113,0.9957936046152694,9,52,Decision Tree,decision_tree,custom
0.006371362028186278,0.5493255910609046,0.043478260869565216,0.0196078431372549,0.02702702702702703,0.5125992045786835,0.9956603112466313,10,51,Decision Tree,decision_tree,custom
0.0045217236344576636,0.549791542703596,0.0,0.0,0.0,0.49927648447614936,0.9959710280976767,11,51,Decision Tree,decision_tree,custom
0.008168874044895445,0.5316605796602747,0.05,0.019230769230769232,0.027777777777777776,0.5130000225743826,0.9956638049161687,12,52,Decision Tree,decision_tree,custom
0.005093351719278069,0.5062222369944005,0.0,0.0,0.0,0.49911117883081924,0.9955906621334288,13,52,Decision Tree,decision_tree,custom
0.002555294798931339,0.46627821268808467,0.0,0.0,0.0,0.4990730158730159,0.9955145374420978,14,52,Decision Tree,decision_tree,custom
0.005191194592427905,0.5782459885799488,0.0,0.0,0.0,0.49914933597420075,0.9957173886250711,15,51,Decision Tree,decision_tree,custom
0.0026432749023760317,0.47606802594976894,0.0,0.0,0.0,0.49911117883081924,0.9956412716628176,16,51,Decision Tree,decision_tree,custom
0.005656807352135406,0.5207992812900804,0.1,0.019230769230769232,0.03225806451612903,0.5153673402862979,0.9959292947889703,17,52,Decision Tree,decision_tree,custom
0.0028764799012654858,0.45706412081208747,0.0,0.0,0.0,0.4992002031230164,0.9957682413137273,18,52,Decision Tree,decision_tree,custom
0.00652026592790292,0.5899672904870648,0.0,0.0,0.0,0.4992256328230127,0.9958189666289095,19,52,Decision Tree,decision_tree,custom
0.002529578427836252,0.4644102646904337,0.0,0.0,0.0,0.49913661757237177,0.995692017592909,20,51,Decision Tree,decision_tree,custom
0.00325918299434891,0.5341186238130691,0.0,0.0,0.0,0.49923834670458006,0.9958949497788688,21,51,Decision Tree,decision_tree,custom
0.00270324504578029,0.4829966254262208,0.0,0.0,0.0,0.49903484709946155,0.9954384011499298,22,52,Decision Tree,decision_tree,custom
0.007081575450351038,0.5263303758563519,0.0,0.0,0.0,0.49932732580276684,0.9960218163853204,23,52,Decision Tree,decision_tree,custom
0.0043299274720779895,0.5289473324052929,0.0,0.0,0.0,0.49927648447614936,0.9959204018064094,24,52,Decision Tree,decision_tree,custom
0.009743593370437231,0.4577897646121937,0.0625,0.0196078431372549,0.029850746268656716,0.5141001020645232,0.9958452277705915,25,51,Decision Tree,decision_tree,custom
0.002666397152523394,0.48073402084871975,0.0,0.0,0.0,0.4991747708402102,0.9957681268241184,26,51,Decision Tree,decision_tree,custom
0.0042905625786213795,0.4637409281446492,0.0,0.0,0.0,0.4992002031230164,0.9957682413137273,27,52,Decision Tree,decision_tree,custom
0.003732763703115791,0.4979128867269371,0.0,0.0,0.0,0.49927648447614936,0.9959204018064094,28,52,Decision Tree,decision_tree,custom
0.002965092602707581,0.5130510565583257,0.0,0.0,0.0,0.49914933597420075,0.9956667752265744,29,52,Decision Tree,decision_tree,custom
0.0026252124553322524,0.47596686211718453,0.0,0.0,0.0,0.49926377253109927,0.995945669945682,30,51,Decision Tree,decision_tree,custom
0.005347496924146019,0.5802433513434856,0.0,0.0,0.0,0.49923834670458006,0.9958949497788688,31,51,Decision Tree,decision_tree,custom
0.002600039687327674,0.459751462445647,0.0,0.0,0.0,0.49927648447614936,0.9959204018064094,32,52,Decision Tree,decision_tree,custom
0.002255769440359808,0.3997423123846467,0.0,0.0,0.0,0.4991620537301305,0.9956921436807065,33,52,Decision Tree,decision_tree,custom
0.004368600778681368,0.5799027121719272,0.0,0.0,0.0,0.49925105994059255,0.9958696867928754,34,52,Decision Tree,decision_tree,custom
0.002697586956366253,0.428403913794461,0.0,0.0,0.0,0.4991620537301305,0.9957427583687748,35,51,Decision Tree,decision_tree,custom
0.0038470238168691493,0.5197423960180321,0.0,0.0,0.0,0.49926377253109927,0.995945669945682,36,51,Decision Tree,decision_tree,custom
0.0037477085823009993,0.5446129015860106,0.0,0.0,0.0,0.4992002031230164,0.9957682413137273,37,52,Decision Tree,decision_tree,custom
0.005094615475599028,0.5616162761597898,0.0,0.0,0.0,0.4991238985245943,0.9956160344530338,38,52,Decision Tree,decision_tree,custom
0.005111346777055478,0.5429959997810241,0.0,0.0,0.0,0.49923834670458006,0.9958443273547454,39,52,Decision Tree,decision_tree,custom
0.004129985636131577,0.5467920101502707,0.0,0.0,0.0,0.49909845849099727,0.9956158967646916,40,51,Decision Tree,decision_tree,custom
0.003521498408443658,0.4536555027643141,0.0,0.0,0.0,0.49930190643007644,0.9960217405393322,41,51,Decision Tree,decision_tree,custom
0.0026590460520092988,0.49721441251916043,0.0,0.0,0.0,0.49918748730448914,0.9957428767241847,42,52,Decision Tree,decision_tree,custom
0.002811423041889513,0.4994657576563331,0.0,0.0,0.0,0.4992256328230127,0.9958189666289095,43,52,Decision Tree,decision_tree,custom
0.0035641147662603618,0.5395231801545344,0.0,0.0,0.0,0.49925105994059255,0.9958696867928754,44,52,Decision Tree,decision_tree,custom
0.00252037791427875,0.4515091351439168,0.0,0.0,0.0,0.4991747708402102,0.9957681268241184,45,51,Decision Tree,decision_tree,custom
0.003321442214666329,0.535873791391207,0.0,0.0,0.0,0.4992002031230164,0.9958188598701179,46,51,Decision Tree,decision_tree,custom
0.0027987682009409107,0.4296139378108675,0.0,0.0,0.0,0.4992256328230127,0.9958189666289095,47,52,Decision Tree,decision_tree,custom
0.0031739779753020233,0.47068021318860076,0.0,0.0,0.0,0.49921291829584113,0.9957936046152694,48,52,Decision Tree,decision_tree,custom
0.0029886031360511667,0.4280532463165139,0.0,0.0,0.0,0.49918748730448914,0.9957428767241847,49,52,Decision Tree,decision_tree,custom
0.003880330323067852,0.5347644776407996,0.0036270535523789203,0.3333333333333333,0.007176023638666104,0.4358265597882181,0.8622603876287428,0,51,Decision Tree,decision_tree,smote_class_weight
0.007874104727174234,0.4825848704754102,0.002197802197802198,0.1568627450980392,0.004334868599295584,0.45077889499265894,0.8949141964472612,1,51,Decision Tree,decision_tree,smote_class_weight
0.0034173369782324846,0.49770808568210967,0.0024686278543509564,0.23076923076923078,0.004884998982291879,0.4316592361351303,0.8561831933922125,2,52,Decision Tree,decision_tree,smote_class_weight
0.0034903013305103863,0.5388193293083492,0.0023272050267628577,0.19230769230769232,0.004598758335249482,0.4406309555658127,0.8743640578606642,3,52,Decision Tree,decision_tree,smote_class_weight
0.003200957649728836,0.5154079793224263,0.0032693093583980384,0.3076923076923077,0.00646987464617873,0.432021674323843,0.8553296397302398,4,52,Decision Tree,decision_tree,smote_class_weight
0.0031641328789826983,0.4768583995383341,0.00278372591006424,0.2549019607843137,0.005507307773776742,0.4351549554677908,0.8625807384252002,5,51,Decision Tree,decision_tree,smote_class_weight
0.004216390367292088,0.5610157446804269,0.002328288707799767,0.0784313725490196,0.0045223289994347085,0.4788927099228974,0.9508099485398203,6,51,Decision Tree,decision_tree,smote_class_weight
0.00476884609203317,0.5463700847749242,0.0027522935779816515,0.23076923076923078,0.005439709882139619,0.44009855113926594,0.872465538842816,7,52,Decision Tree,decision_tree,smote_class_weight
0.0029885615727187702,0.4845108823161386,0.002863961813842482,0.11538461538461539,0.0055891942244993015,0.4741760614161557,0.9402921805755705,8,52,Decision Tree,decision_tree,smote_class_weight
0.003424502623302079,0.4634227289079363,0.002334267040149393,0.19230769230769232,0.004612546125461255,0.4408458037075244,0.8747789062100634,9,52,Decision Tree,decision_tree,smote_class_weight
0.003754218693962186,0.561815088461044,0.002932551319648094,0.3137254901960784,0.005810786272017432,0.4222507276871416,0.8365371062334591,10,51,Decision Tree,decision_tree,smote_class_weight
0.004102211728167164,0.5514021905208991,0.0035071311667056347,0.29411764705882354,0.006931608133086876,0.44227559905515396,0.8753682673715603,11,51,Decision Tree,decision_tree,smote_class_weight
0.0040921568160541206,0.5009286920887166,0.0029400235201881616,0.28846153846153844,0.005820721769499418,0.4282034150633232,0.8483589840363928,12,52,Decision Tree,decision_tree,smote_class_weight
0.0038468227135181345,0.4516112318953921,0.002491376006132618,0.25,0.004933586337760911,0.4257507770181402,0.8443490979038146,13,52,Decision Tree,decision_tree,smote_class_weight
0.0029887957406442723,0.4737331662339287,0.0022764900662251655,0.21153846153846154,0.0045045045045045045,0.431918957494701,0.8570797548820289,14,52,Decision Tree,decision_tree,smote_class_weight
0.005368754404122107,0.573818202114374,0.003887449092928545,0.4117647058823529,0.007702182284980745,0.42426585801997235,0.8386753310108466,15,51,Decision Tree,decision_tree,smote_class_weight
0.0028149473091759938,0.4949308448027205,0.0024762690879075525,0.11764705882352941,0.004850444624090542,0.46913155649282096,0.931011701346209,16,51,Decision Tree,decision_tree,smote_class_weight
0.002444381227324178,0.4597074717677605,0.0021150592216582064,0.19230769230769232,0.0041841004184100415,0.4334408444863482,0.8604342189850781,17,52,Decision Tree,decision_tree,smote_class_weight
0.0030416401986240607,0.4578422670253699,0.0021826118588577663,0.11538461538461539,0.004284184219921457,0.4640898640967537,0.9214710970709702,18,52,Decision Tree,decision_tree,smote_class_weight
0.0037999292511265133,0.5365122626458536,0.0031527093596059115,0.3076923076923077,0.006241466744685001,0.4288950406477715,0.8493200619405396,19,52,Decision Tree,decision_tree,smote_class_weight
0.003485039788352894,0.4900236514063766,0.0029190992493744786,0.27450980392156865,0.0057767691355477616,0.4332516688659156,0.8585159399320926,20,51,Decision Tree,decision_tree,smote_class_weight
0.0029540732756305017,0.5111564271924396,0.0024449877750611247,0.21568627450980393,0.004835164835164835,0.4375428044933461,0.8680127550800848,21,51,Decision Tree,decision_tree,smote_class_weight
0.0031073699819036947,0.5111037358838803,0.002444240757714635,0.15384615384615385,0.00481203007518797,0.4566041713369047,0.9060141191950918,22,52,Decision Tree,decision_tree,smote_class_weight
0.00302527337313303,0.47709209888322335,0.0023172530018959344,0.21153846153846154,0.004584288393415295,0.43335797582244,0.8598708407259821,23,52,Decision Tree,decision_tree,smote_class_weight
0.005694854149680717,0.5264491506866456,0.0029482218536944905,0.3076923076923077,0.005840481839751779,0.4227441980572659,0.8374496793079059,24,52,Decision Tree,decision_tree,smote_class_weight
0.003281246364275927,0.49928537469987233,0.0023957834211787254,0.19607843137254902,0.004733727810650888,0.4426757529834846,0.8783530201676938,25,51,Decision Tree,decision_tree,smote_class_weight
0.0028910730702617258,0.5160506636447086,0.002637987012987013,0.2549019607843137,0.005221932114882507,0.43076379903780043,0.8541050337144124,26,51,Decision Tree,decision_tree,smote_class_weight
0.004387939007950214,0.5194267721400194,0.004281127363539065,0.23076923076923078,0.00840630472854641,0.46552089072953434,0.9202252193312067,27,52,Decision Tree,decision_tree,smote_class_weight
0.0029452654849567712,0.4792701262239184,0.0019796380090497737,0.1346153846153846,0.0039018952062430325,0.452118264948353,0.8979712954867932,28,52,Decision Tree,decision_tree,smote_class_weight
0.00414537956279111,0.5700126302124066,0.0041647385469689956,0.34615384615384615,0.00823045267489712,0.4422745466316836,0.8740300284524173,29,52,Decision Tree,decision_tree,smote_class_weight
0.0026384680380149694,0.47306151658040335,0.0015670472352809493,0.13725490196078433,0.003098716246126605,0.43707755737871745,0.8688121355932631,30,51,Decision Tree,decision_tree,smote_class_weight
0.005666968170196714,0.6012037001045526,0.004359798072510326,0.37254901960784315,0.008618734406894988,0.44193601179946906,0.8730124474614589,31,51,Decision Tree,decision_tree,smote_class_weight
0.002772865691631427,0.4342925907967592,0.002324980625161457,0.17307692307692307,0.004588325261279633,0.4473328677678671,0.8877429227252411,32,52,Decision Tree,decision_tree,smote_class_weight
0.0024823799317117263,0.43400665139049643,0.0017144256674014205,0.1346153846153846,0.003385731559854897,0.44334324949130854,0.8809809751968004,33,52,Decision Tree,decision_tree,smote_class_weight
0.003945918879012385,0.5893734163355961,0.003968253968253968,0.3269230769230769,0.007841328413284132,0.44265955689290315,0.8751850914077138,34,52,Decision Tree,decision_tree,smote_class_weight
0.002928386922599077,0.4904193365446621,0.0025465230166503428,0.2549019607843137,0.00504266873545384,0.4277225474786566,0.8482165943605833,35,51,Decision Tree,decision_tree,smote_class_weight
0.0032883233317412205,0.532459138283484,0.0034535686876438986,0.17647058823529413,0.006774557771923222,0.4675225293548263,0.9258878050798174,36,51,Decision Tree,decision_tree,smote_class_weight
0.002901911791275616,0.5115719922107174,0.0024142926122646064,0.19230769230769232,0.004768717215069146,0.44318540246071436,0.8792904199277372,37,52,Decision Tree,decision_tree,smote_class_weight
0.005928874340072363,0.5622912886726936,0.0038565368299267257,0.38461538461538464,0.007636502481863307,0.4278463132111158,0.8458404567168922,38,52,Decision Tree,decision_tree,smote_class_weight
0.0040086126434462225,0.4778961507179279,0.003257328990228013,0.28846153846153844,0.006441915396177797,0.43672387511926103,0.8647370595527885,39,52,Decision Tree,decision_tree,smote_class_weight
0.003075657890559108,0.5344440424469488,0.0029115341545352742,0.2549019607843137,0.005757307351638618,0.43861093353382913,0.8692261156950004,40,51,Decision Tree,decision_tree,smote_class_weight
0.003015404752333194,0.46475910549244853,0.0020383204239706482,0.19607843137254902,0.004034698406294129,0.43044795428853166,0.8546560716542418,41,51,Decision Tree,decision_tree,smote_class_weight
0.0029159209010475983,0.5378231848468733,0.002840288398514311,0.25,0.005616763879887665,0.43670941298621163,0.8655290122290668,42,52,Decision Tree,decision_tree,smote_class_weight
0.0032171960215469815,0.5039938647667908,0.002306805074971165,0.19230769230769232,0.0045589240939138366,0.44000228797890406,0.8731496617075345,43,52,Decision Tree,decision_tree,smote_class_weight
0.004175521572275303,0.5336851284136765,0.002939846223428313,0.25,0.00581135449262405,0.4393155817467981,0.870534043454712,44,52,Decision Tree,decision_tree,smote_class_weight
0.0026052505829918123,0.4523931974050231,0.0020739064856711916,0.21568627450980393,0.004108309990662932,0.4238416186975577,0.8414043333318454,45,51,Decision Tree,decision_tree,smote_class_weight
0.003584551196436549,0.5267286805943848,0.004168494953927161,0.37254901960784315,0.008244738555001085,0.4385206011440868,0.8665713502681509,46,51,Decision Tree,decision_tree,smote_class_weight
0.005332889089913613,0.5650001368598867,0.0032070555221487274,0.3076923076923077,0.006347946835945249,0.43038355286401553,0.8521833191523314,47,52,Decision Tree,decision_tree,smote_class_weight
0.004405966085524883,0.4942963642193512,0.0025575447570332483,0.15384615384615385,0.005031446540880503,0.45889600340719994,0.9103674395112957,48,52,Decision Tree,decision_tree,smote_class_weight
0.002602466008493715,0.4486579910532737,0.0022598870056497176,0.19230769230769232,0.004467277194549922,0.43850940995068205,0.87026294091171,49,52,Decision Tree,decision_tree,smote_class_weight
0.005435629519002899,0.47612932226212296,0.0,0.0,0.0,0.4993527425946138,0.9961231499760532,0,51,Random Forest,random_forest,none
0.005050783779742299,0.5261715319991668,0.0,0.0,0.0,0.4993527425946138,0.9961231499760532,1,51,Random Forest,random_forest,none
0.005424804624211522,0.5109805619857979,0.0,0.0,0.0,0.4993400345212712,0.9960471668122537,2,52,Random Forest,random_forest,none
0.006114732307599286,0.4303348961428974,0.0,0.0,0.0,0.4993400345212712,0.9960471668122537,3,52,Random Forest,random_forest,none
0.0026316755802047826,0.4560767744861889,0.0,0.0,0.0,0.4993400345212712,0.9960471668122537,4,52,Random Forest,random_forest,none
0.005131926594671387,0.518730259348186,0.0,0.0,0.0,0.4993527425946138,0.9961231499760532,5,51,Random Forest,random_forest,none
0.004231657874513546,0.44879764542425526,0.0,0.0,0.0,0.4993527425946138,0.9961231499760532,6,51,Random Forest,random_forest,none
0.003319449780523783,0.46002469343385366,0.0,0.0,0.0,0.4993400345212712,0.9960471668122537,7,52,Random Forest,random_forest,none
0.003082799007571075,0.46951299386867706,0.0,0.0,0.0,0.4993400345212712,0.9960471668122537,8,52,Random Forest,random_forest,none
0.003541951427590774,0.45656018315763125,0.0,0.0,0.0,0.4993400345212712,0.9960471668122537,9,52,Random Forest,random_forest,none
0.004264274379370063,0.46713670473018154,0.0,0.0,0.0,0.4993527425946138,0.9961231499760532,10,51,Random Forest,random_forest,none
0.006190570497781213,0.4686417036188745,0.0,0.0,0.0,0.4993527425946138,0.9961231499760532,11,51,Random Forest,random_forest,none
0.005721721446795072,0.5352751470266212,0.0,0.0,0.0,0.4993400345212712,0.9960471668122537,12,52,Random Forest,random_forest,none
0.004981818428225398,0.5153356390965683,0.0,0.0,0.0,0.4993400345212712,0.9960471668122537,13,52,Random Forest,random_forest,none
0.0025481286648575767,0.45607188663309034,0.0,0.0,0.0,0.4993400345212712,0.9960471668122537,14,52,Random Forest,random_forest,none
0.0061003011766125464,0.43131822952329407,0.0,0.0,0.0,0.4993527425946138,0.9961231499760532,15,51,Random Forest,random_forest,none
0.0031064410861127807,0.47404325426607385,0.0,0.0,0.0,0.4993527425946138,0.9961231499760532,16,51,Random Forest,random_forest,none
0.0033613916748037706,0.48778378875089934,0.0,0.0,0.0,0.4993400345212712,0.9960471668122537,17,52,Random Forest,random_forest,none
0.0031877004299105498,0.45490711123971594,0.0,0.0,0.0,0.4993400345212712,0.9960471668122537,18,52,Random Forest,random_forest,none
0.003590441240908776,0.45316019254230927,0.0,0.0,0.0,0.4993400345212712,0.9960471668122537,19,52,Random Forest,random_forest,none
0.004369517658756981,0.5255012593152952,0.0,0.0,0.0,0.4993527425946138,0.9961231499760532,20,51,Random Forest,random_forest,none
0.008206742937453583,0.5291984734726504,0.0,0.0,0.0,0.4993527425946138,0.9961231499760532,21,51,Random Forest,random_forest,none
0.002599419556090419,0.4452775518503457,0.0,0.0,0.0,0.4993400345212712,0.9960471668122537,22,52,Random Forest,random_forest,none
0.003789320663550502,0.5268504434260332,0.0,0.0,0.0,0.4993400345212712,0.9960471668122537,23,52,Random Forest,random_forest,none
0.004828581786579249,0.4253659046829543,0.0,0.0,0.0,0.4993400345212712,0.9960471668122537,24,52,Random Forest,random_forest,none
0.005286183500597735,0.47875758853330386,0.0,0.0,0.0,0.4993527425946138,0.9961231499760532,25,51,Random Forest,random_forest,none
0.002707624378847511,0.43414084995559754,0.0,0.0,0.0,0.4993527425946138,0.9961231499760532,26,51,Random Forest,random_forest,none
0.005067125946286453,0.5068332186317139,0.0,0.0,0.0,0.4993400345212712,0.9960471668122537,27,52,Random Forest,random_forest,none
0.003325503628883472,0.4447643272750023,0.0,0.0,0.0,0.4993400345212712,0.9960471668122537,28,52,Random Forest,random_forest,none
0.004690765645528399,0.5449335447492727,0.0,0.0,0.0,0.4993400345212712,0.9960471668122537,29,52,Random Forest,random_forest,none
0.0029104463548125783,0.45740105628994854,0.0,0.0,0.0,0.4993527425946138,0.9961231499760532,30,51,Random Forest,random_forest,none
0.003967930383469072,0.5191104958223822,0.0,0.0,0.0,0.4993527425946138,0.9961231499760532,31,51,Random Forest,random_forest,none
0.004636322071992063,0.4973493172646792,0.0,0.0,0.0,0.4993400345212712,0.9960471668122537,32,52,Random Forest,random_forest,none
0.0032843501289085567,0.45814384756154786,0.0,0.0,0.0,0.4993400345212712,0.9960471668122537,33,52,Random Forest,random_forest,none
0.004456797693167251,0.4760607618794382,0.0,0.0,0.0,0.4993400345212712,0.9960471668122537,34,52,Random Forest,random_forest,none
0.0037917868570972787,0.45962815563881226,0.0,0.0,0.0,0.4993527425946138,0.9961231499760532,35,51,Random Forest,random_forest,none
0.004793747747492511,0.5396751594451636,0.0,0.0,0.0,0.4993527425946138,0.9961231499760532,36,51,Random Forest,random_forest,none
0.0032986485860831798,0.44830313291832197,0.0,0.0,0.0,0.4993400345212712,0.9960471668122537,37,52,Random Forest,random_forest,none
0.00432447260956738,0.44317430866205776,0.0,0.0,0.0,0.4993400345212712,0.9960471668122537,38,52,Random Forest,random_forest,none
0.003926662247136587,0.46680805596396285,0.0,0.0,0.0,0.4993400345212712,0.9960471668122537,39,52,Random Forest,random_forest,none
0.0033407595861604305,0.45961320531872585,0.0,0.0,0.0,0.4993527425946138,0.9961231499760532,40,51,Random Forest,random_forest,none
0.005604041212880532,0.4722731363678496,0.0,0.0,0.0,0.4993527425946138,0.9961231499760532,41,51,Random Forest,random_forest,none
0.002818890073443326,0.4780872657740795,0.0,0.0,0.0,0.4993400345212712,0.9960471668122537,42,52,Random Forest,random_forest,none
0.005236533533496561,0.5170517643194544,0.0,0.0,0.0,0.4993400345212712,0.9960471668122537,43,52,Random Forest,random_forest,none
0.0033314010024857446,0.47250387117965403,0.0,0.0,0.0,0.4993400345212712,0.9960471668122537,44,52,Random Forest,random_forest,none
0.003838707685883011,0.48024464703789305,0.0,0.0,0.0,0.4993527425946138,0.9961231499760532,45,51,Random Forest,random_forest,none
0.002833589182161402,0.4511906933260774,0.0,0.0,0.0,0.4993527425946138,0.9961231499760532,46,51,Random Forest,random_forest,none
0.004148185756111636,0.4731236509525448,0.0,0.0,0.0,0.4993400345212712,0.9960471668122537,47,52,Random Forest,random_forest,none
0.0031583871304979635,0.4672631150874339,0.0,0.0,0.0,0.4993400345212712,0.9960471668122537,48,52,Random Forest,random_forest,none
0.005859559209714644,0.5096720837113273,0.0,0.0,0.0,0.4993400345212712,0.9960471668122537,49,52,Random Forest,random_forest,none
0.005643900361819587,0.4673395307393532,0.0029585798816568047,0.058823529411764705,0.005633802816901409,0.48902173167184854,0.9699098851899874,0,51,Random Forest,random_forest,class_weight
0.003138265369756354,0.4958303557279161,0.004576659038901602,0.0784313725490196,0.008648648648648649,0.492422343689379,0.9736942684556135,1,51,Random Forest,random_forest,class_weight
0.007642739990574309,0.5111619013357525,0.004222972972972973,0.09615384615384616,0.008090614886731391,0.4880032264216971,0.9653853719457302,2,52,Random Forest,random_forest,class_weight
0.00524892944492527,0.48246238308255396,0.0038022813688212928,0.07692307692307693,0.007246376811594203,0.4893315130458973,0.9688747280589285,3,52,Random Forest,random_forest,class_weight
0.0036077760209048916,0.433097510714174,0.004897159647404506,0.09615384615384616,0.009319664492078284,0.49080966937958964,0.969760891033056,4,52,Random Forest,random_forest,class_weight
0.003047104054147673,0.508362710712303,0.0018165304268846503,0.0392156862745098,0.003472222222222222,0.48674760056170646,0.9675237856041602,5,51,Random Forest,random_forest,class_weight
0.005094173601048489,0.45149368647982757,0.0029006526468455403,0.0784313725490196,0.005594405594405594,0.4840955351660807,0.9601221608229156,6,51,Random Forest,random_forest,class_weight
0.005873618254732101,0.4924780828667063,0.005175983436853002,0.09615384615384616,0.009823182711198428,0.49179683725723855,0.9712291583986556,7,52,Random Forest,random_forest,class_weight
0.0029642835542233884,0.44352770044107986,0.0024875621890547263,0.038461538461538464,0.004672897196261682,0.4912978913842005,0.9753570267506252,8,52,Random Forest,random_forest,class_weight
0.004474504789501369,0.47416427487721713,0.004873294346978557,0.09615384615384616,0.00927643784786642,0.4907210961717831,0.9696272103633895,9,52,Random Forest,random_forest,class_weight
0.004780549679717371,0.4685265861542095,0.004476275738585497,0.09803921568627451,0.008561643835616438,0.48915543006827844,0.9672638904950323,10,51,Random Forest,random_forest,class_weight
0.006593293594227657,0.48542742466782873,0.004472271914132379,0.09803921568627451,0.00855431993156544,0.4891383109885367,0.967237026894027,11,51,Random Forest,random_forest,class_weight
0.010764914919299626,0.4666692409359652,0.004081632653061225,0.11538461538461539,0.00788436268068331,0.48403499365906755,0.9576749946627128,12,52,Random Forest,random_forest,class_weight
0.0034539486707847876,0.4684244689836394,0.0024813895781637717,0.057692307692307696,0.004758128469468675,0.48594677052221436,0.9645982183560651,13,52,Random Forest,random_forest,class_weight
0.0022745928176372107,0.4347588919823568,0.002026342451874367,0.038461538461538464,0.0038498556304138597,0.48845152314442664,0.9704980003612657,14,52,Random Forest,random_forest,class_weight
0.006570519533354665,0.45619307042697127,0.005793742757821553,0.09803921568627451,0.010940919037199124,0.49374055865183253,0.9740434651879477,15,51,Random Forest,random_forest,class_weight
0.002641099516913956,0.43164912994120536,0.0034423407917383822,0.0784313725490196,0.006595218466611707,0.4875397957116634,0.9659972330825012,16,51,Random Forest,random_forest,class_weight
0.002858423005285949,0.5048712343979729,0.003500583430571762,0.057692307692307696,0.006600660066006601,0.49158492485902366,0.974011982009652,17,52,Random Forest,random_forest,class_weight
0.004005027317937575,0.4673525627991366,0.00298804780876494,0.057692307692307696,0.005681818181818182,0.48916618519009647,0.970101253163247,18,52,Random Forest,random_forest,class_weight
0.004811996234087123,0.49730386023086304,0.006289308176100629,0.11538461538461539,0.011928429423459244,0.4930356469993317,0.9716060996883714,19,52,Random Forest,random_forest,class_weight
0.0033463572263825268,0.5081284890309502,0.004906771344455349,0.09803921568627451,0.009345794392523364,0.49086290188644877,0.9698899087433646,20,51,Random Forest,random_forest,class_weight
0.006545102242409989,0.5056248087604889,0.0024875621890547263,0.058823529411764705,0.00477326968973747,0.48600843055590015,0.9647549488339291,21,51,Random Forest,random_forest,class_weight
0.002637198569203276,0.4662185808802828,0.0028328611898017,0.057692307692307696,0.0054005400540054005,0.488288605055826,0.9686305151823582,22,52,Random Forest,random_forest,class_weight
0.0023108001076049987,0.43730741858791883,0.0018467220683287165,0.038461538461538464,0.003524229074889868,0.4870021114053488,0.9679307288928566,23,52,Random Forest,random_forest,class_weight
0.004699447457808593,0.4798933274939782,0.0071174377224199285,0.11538461538461539,0.013407821229050279,0.4952521429181072,0.974555813144192,24,52,Random Forest,random_forest,class_weight
0.00535040413885121,0.5443660715442584,0.008588957055214725,0.13725490196078433,0.016166281755196306,0.4970417225996447,0.9754303810994301,25,51,Random Forest,random_forest,class_weight
0.0024587219631850314,0.44921774941868176,0.003129890453834116,0.0784313725490196,0.006019563581640331,0.48568246470485255,0.9628648539686767,26,51,Random Forest,random_forest,class_weight
0.006542444771045596,0.5026423733850534,0.005274261603375527,0.09615384615384616,0.01,0.492125468164794,0.9717088024475591,27,52,Random Forest,random_forest,class_weight
0.003568694126677629,0.4352090632527294,0.004162330905306972,0.07692307692307693,0.007897334649555774,0.49087464625023647,0.9713053323993621,28,52,Random Forest,random_forest,class_weight
0.004729359256820441,0.45307758782494445,0.0052750565184626974,0.1346153846153846,0.01015228426395939,0.4871481692406508,0.9616289674176272,29,52,Random Forest,random_forest,class_weight
0.0028687954166289227,0.4824428424345898,0.0033812341504649195,0.0784313725490196,0.006482982171799027,0.487200249656057,0.9654315527678047,30,51,Random Forest,random_forest,class_weight
0.0035949024355869667,0.46357155173358927,0.004858299595141701,0.11764705882352941,0.00933125972006221,0.48797363258525517,0.9641407711150064,31,51,Random Forest,random_forest,class_weight
0.006103791459072029,0.5179819227641005,0.007575757575757576,0.15384615384615385,0.01444043321299639,0.49297921504155295,0.9689947747391946,32,52,Random Forest,random_forest,class_weight
0.002604309337218369,0.46723818703663145,0.0029282576866764276,0.038461538461538464,0.005442176870748299,0.4932798154779697,0.9785452012756619,33,52,Random Forest,random_forest,class_weight
0.006328994460898298,0.4599797251853474,0.002785515320334262,0.07692307692307693,0.005376344086021506,0.4831939676172995,0.9584921715152753,34,52,Random Forest,random_forest,class_weight
0.004419552955533805,0.4306918111116759,0.001890359168241966,0.0392156862745098,0.0036068530207394047,0.48739251334101213,0.9686763415099632,35,51,Random Forest,random_forest,class_weight
0.004912280391337157,0.464150627464934,0.0032921810699588477,0.0784313725490196,0.00631911532385466,0.48668582658445625,0.9645683863266751,36,51,Random Forest,random_forest,class_weight
0.0041661216466726625,0.4953633825507554,0.005025125628140704,0.07692307692307693,0.009433962264150943,0.4938361521165314,0.9756842034704001,37,52,Random Forest,random_forest,class_weight
0.0026824134982267717,0.4425682148778428,0.003427592116538132,0.07692307692307693,0.006562756357670222,0.4874426170289227,0.9657869116126772,38,52,Random Forest,random_forest,class_weight
0.003773105062676237,0.48006929020552447,0.0038197097020626434,0.09615384615384616,0.0073475385745775165,0.48593805893992614,0.962005084369258,39,52,Random Forest,random_forest,class_weight
0.002211345579776029,0.4232615020287584,0.000847457627118644,0.0196078431372549,0.0016246953696181965,0.4847331159293076,0.965343206591558,40,51,Random Forest,random_forest,class_weight
0.00439969573897118,0.4627223735526844,0.0035790980672870437,0.09803921568627451,0.006906077348066298,0.4845319860424542,0.9596879169084691,41,51,Random Forest,random_forest,class_weight
0.0028035158063580774,0.4663305127162386,0.003067484662576687,0.057692307692307696,0.005825242718446602,0.48958553509757513,0.9707950735521735,42,52,Random Forest,random_forest,class_weight
0.008956315722881853,0.5032978344855633,0.006828528072837633,0.17307692307692307,0.013138686131386862,0.48881630981814894,0.9619857975860597,43,52,Random Forest,random_forest,class_weight
0.011209738251898848,0.5222627045077737,0.009358288770053475,0.1346153846153846,0.0175,0.4985812978679362,0.9771259675175462,44,52,Random Forest,random_forest,class_weight
0.003401371043648357,0.4372001837892682,0.0027567195037904893,0.0784313725490196,0.005326231691078562,0.48297724645219087,0.9581581535522996,45,51,Random Forest,random_forest,class_weight
0.002623931868765199,0.4233651575813572,0.002987303958177745,0.0784313725490196,0.0057553956834532375,0.4847211998649544,0.9612100971296782,46,51,Random Forest,random_forest,class_weight
0.004113363766096881,0.48727447445803485,0.006607929515418502,0.11538461538461539,0.0125,0.4939344730825192,0.9728304557371039,47,52,Random Forest,random_forest,class_weight
0.004208506283302873,0.49725009384677954,0.005221932114882507,0.07692307692307693,0.009779951100244499,0.4944058958193431,0.9764765222332912,48,52,Random Forest,random_forest,class_weight
0.01111263145551414,0.49120235320799577,0.005045408678102927,0.09615384615384616,0.009587727708533078,0.49134509416282013,0.970562267648579,49,52,Random Forest,random_forest,class_weight
0.006004433673524903,0.5353500318441817,0.0,0.0,0.0,0.4993400345212712,0.9960977995474516,0,51,Random Forest,random_forest,custom
0.008205888020377996,0.5334443643771747,0.0,0.0,0.0,0.4993527425946138,0.9961231499760532,1,51,Random Forest,random_forest,custom
0.004121090486761649,0.48428701864422685,0.0,0.0,0.0,0.4993400345212712,0.9960471668122537,2,52,Random Forest,random_forest,custom
0.005047291395146368,0.49659365517564985,0.0,0.0,0.0,0.4993400345212712,0.9960471668122537,3,52,Random Forest,random_forest,custom
0.003763137544044528,0.49388773970031596,0.0,0.0,0.0,0.4993400345212712,0.9960471668122537,4,52,Random Forest,random_forest,custom
0.007937124071020367,0.537296065175422,0.0,0.0,0.0,0.4993527425946138,0.9961231499760532,5,51,Random Forest,random_forest,custom
0.006240157938457456,0.5389256500648345,0.0,0.0,0.0,0.4993400345212712,0.9960977995474516,6,51,Random Forest,random_forest,custom
0.0041979720033279285,0.4869240153908718,0.0,0.0,0.0,0.4993400345212712,0.9960471668122537,7,52,Random Forest,random_forest,custom
0.002998616906197178,0.47118072934588795,0.0,0.0,0.0,0.49932732580276684,0.9960218163853204,8,52,Random Forest,random_forest,custom
0.004516495406936035,0.4664067632245753,0.0,0.0,0.0,0.4993400345212712,0.9960471668122537,9,52,Random Forest,random_forest,custom
0.004427037729053075,0.490067007334627,0.0,0.0,0.0,0.4993527425946138,0.9961231499760532,10,51,Random Forest,random_forest,custom
0.009711172355353317,0.5277019464320064,0.0,0.0,0.0,0.4993527425946138,0.9961231499760532,11,51,Random Forest,random_forest,custom
0.005236861515962168,0.5079613351268496,0.0,0.0,0.0,0.49932732580276684,0.9960218163853204,12,52,Random Forest,random_forest,custom
0.003952788156299251,0.52237268120249,0.0,0.0,0.0,0.4993400345212712,0.9960471668122537,13,52,Random Forest,random_forest,custom
0.002557599601308971,0.4224654526542997,0.0,0.0,0.0,0.4993400345212712,0.9960471668122537,14,52,Random Forest,random_forest,custom
0.007177377651977902,0.47525572522507703,0.0,0.0,0.0,0.4993527425946138,0.9961231499760532,15,51,Random Forest,random_forest,custom
0.003007513612561106,0.4804594333031337,0.0,0.0,0.0,0.4993400345212712,0.9960977995474516,16,51,Random Forest,random_forest,custom
0.004556034082666971,0.5488663113523321,0.0,0.0,0.0,0.4993400345212712,0.9960471668122537,17,52,Random Forest,random_forest,custom
0.003790534540762617,0.49561755091187787,0.0,0.0,0.0,0.49932732580276684,0.9960218163853204,18,52,Random Forest,random_forest,custom
0.006201949349368905,0.5488399169456002,0.0,0.0,0.0,0.4993400345212712,0.9960471668122537,19,52,Random Forest,random_forest,custom
0.0036971010222578687,0.5493250927169018,0.0,0.0,0.0,0.4993527425946138,0.9961231499760532,20,51,Random Forest,random_forest,custom
0.009891234157978207,0.5292841886411455,0.0,0.0,0.0,0.4993527425946138,0.9961231499760532,21,51,Random Forest,random_forest,custom
0.0035276652556745147,0.48070519989364036,0.0,0.0,0.0,0.4993146164390516,0.9959964646713672,22,52,Random Forest,random_forest,custom
0.0036465743387134185,0.5093968975818813,0.0,0.0,0.0,0.4993400345212712,0.9960471668122537,23,52,Random Forest,random_forest,custom
0.006027691653388204,0.4654125739043389,0.0,0.0,0.0,0.4993400345212712,0.9960471668122537,24,52,Random Forest,random_forest,custom
0.010046202375552368,0.5129091030505629,0.0,0.0,0.0,0.4993527425946138,0.9961231499760532,25,51,Random Forest,random_forest,custom
0.003206727967208187,0.5147843715333945,0.0,0.0,0.0,0.4993527425946138,0.9961231499760532,26,51,Random Forest,random_forest,custom
0.0061064802388613795,0.5480930529921482,0.0,0.0,0.0,0.49932732580276684,0.9960218163853204,27,52,Random Forest,random_forest,custom
0.003053820624642555,0.4557908350799262,0.0,0.0,0.0,0.4993400345212712,0.9960471668122537,28,52,Random Forest,random_forest,custom
0.0035756180222113487,0.5252296313385678,0.0,0.0,0.0,0.4993400345212712,0.9960471668122537,29,52,Random Forest,random_forest,custom
0.0031678404681391523,0.4942177145346015,0.0,0.0,0.0,0.4993527425946138,0.9961231499760532,30,51,Random Forest,random_forest,custom
0.004963027817004266,0.5762316821203142,0.0,0.0,0.0,0.4993527425946138,0.9961231499760532,31,51,Random Forest,random_forest,custom
0.0048881510611184726,0.5266779022116559,0.0,0.0,0.0,0.49932732580276684,0.9960218163853204,32,52,Random Forest,random_forest,custom
0.0028458082581259915,0.45088880720743263,0.0,0.0,0.0,0.4993400345212712,0.9960471668122537,33,52,Random Forest,random_forest,custom
0.005243139744115563,0.5073884787437044,0.0,0.0,0.0,0.4993400345212712,0.9960471668122537,34,52,Random Forest,random_forest,custom
0.0043621685747336734,0.4642881704097285,0.0,0.0,0.0,0.4993527425946138,0.9961231499760532,35,51,Random Forest,random_forest,custom
0.005347374781854167,0.5887112126403959,0.0,0.0,0.0,0.4993527425946138,0.9961231499760532,36,51,Random Forest,random_forest,custom
0.003030707736785835,0.4917585908906059,0.0,0.0,0.0,0.4993400345212712,0.9960471668122537,37,52,Random Forest,random_forest,custom
0.004984132086722892,0.46994116980010636,0.0,0.0,0.0,0.4993400345212712,0.9960471668122537,38,52,Random Forest,random_forest,custom
0.004980923590948497,0.5677647065724027,0.0,0.0,0.0,0.49932732580276684,0.9960218163853204,39,52,Random Forest,random_forest,custom
0.004029272797544451,0.559604932808278,0.0,0.0,0.0,0.4993527425946138,0.9961231499760532,40,51,Random Forest,random_forest,custom
0.005548675082878012,0.49762738420229574,0.0,0.0,0.0,0.4993400345212712,0.9960977995474516,41,51,Random Forest,random_forest,custom
0.002816434010960828,0.49796029890199267,0.0,0.0,0.0,0.4993400345212712,0.9960471668122537,42,52,Random Forest,random_forest,custom
0.005819491207348708,0.5526480432946477,0.0,0.0,0.0,0.4993400345212712,0.9960471668122537,43,52,Random Forest,random_forest,custom
0.003742820246743082,0.5005405965526949,0.0,0.0,0.0,0.4993400345212712,0.9960471668122537,44,52,Random Forest,random_forest,custom
0.0035587848809080697,0.49678468449342833,0.0,0.0,0.0,0.4993527425946138,0.9961231499760532,45,51,Random Forest,random_forest,custom
0.003177199637326894,0.534275103829973,0.0,0.0,0.0,0.4993527425946138,0.9961231499760532,46,51,Random Forest,random_forest,custom
0.004920893197646162,0.5464346044358244,0.0,0.0,0.0,0.4993400345212712,0.9960471668122537,47,52,Random Forest,random_forest,custom
0.004831044398385737,0.5368255740294678,0.0,0.0,0.0,0.4993400345212712,0.9960471668122537,48,52,Random Forest,random_forest,custom
0.0040124771839473465,0.447015672412175,0.0,0.0,0.0,0.49932732580276684,0.9960218163853204,49,52,Random Forest,random_forest,custom
0.0076323983638782854,0.5078843004695397,0.006952491309385863,0.11764705882352941,0.01312910284463895,0.4948606016636648,0.9741008911499213,0,51,Random Forest,random_forest,smote_class_weight
0.007491263862394822,0.5495383839501337,0.0032858707557502738,0.058823529411764705,0.006224066390041493,0.4906653020859884,0.9726013154111696,1,51,Random Forest,random_forest,smote_class_weight
0.011836298332405727,0.492384236087215,0.00522466039707419,0.09615384615384616,0.009910802775024777,0.4919607865432136,0.9714690344407935,2,52,Random Forest,random_forest,smote_class_weight
0.009981203609816133,0.5024957377920981,0.002840909090909091,0.057692307692307696,0.005415162454873646,0.4883361675602485,0.968710844104938,3,52,Random Forest,random_forest,smote_class_weight
0.002741130537783647,0.4522965088998029,0.002081165452653486,0.038461538461538464,0.003948667324777887,0.4888482766830732,0.9711911247671209,4,52,Random Forest,random_forest,smote_class_weight
0.0047094421355724,0.5378233131304675,0.004971002485501243,0.11764705882352941,0.009538950715421303,0.48845630437054127,0.9648970016642323,5,51,Random Forest,random_forest,smote_class_weight
0.007583045992244022,0.5298622676844844,0.00441306266548985,0.09803921568627451,0.008445945945945946,0.4888821826739974,0.9668339083421086,6,51,Random Forest,random_forest,smote_class_weight
0.007545615268676871,0.49091494744580344,0.004366812227074236,0.07692307692307693,0.008264462809917356,0.4916582189309462,0.9725031537866847,7,52,Random Forest,random_forest,smote_class_weight
0.003210147602370053,0.44948306065630184,0.0035026269702276708,0.038461538461538464,0.006420545746388443,0.49523860513333584,0.9814792421832198,8,52,Random Forest,random_forest,smote_class_weight
0.006146972338614362,0.4709030992898927,0.004545454545454545,0.07692307692307693,0.008583690987124463,0.4922968304348853,0.9734594645844021,9,52,Random Forest,random_forest,smote_class_weight
0.006287050177918031,0.4915889499194178,0.0037418147801683817,0.0784313725490196,0.007142857142857143,0.48906506246831855,0.9684950722480894,10,51,Random Forest,random_forest,smote_class_weight
0.011235715241220245,0.5335355613297014,0.006570302233902759,0.09803921568627451,0.012315270935960592,0.4957787142546042,0.9767419917235977,11,51,Random Forest,random_forest,smote_class_weight
0.008424451257575991,0.4810361075484093,0.006082725060827251,0.09615384615384616,0.011441647597254004,0.4945215704155192,0.9750543267374804,12,52,Random Forest,random_forest,smote_class_weight
0.0031592614380986012,0.48277178418368943,0.002835538752362949,0.057692307692307696,0.005405405405405406,0.488304455532793,0.9686572928629159,13,52,Random Forest,random_forest,smote_class_weight
0.0026198579541726686,0.4251772335533519,0.005997001499250375,0.07692307692307693,0.011126564673157162,0.4963841142713045,0.9790830152607412,14,52,Random Forest,random_forest,smote_class_weight
0.005722480924975629,0.49951859969321943,0.004711425206124852,0.0784313725490196,0.008888888888888889,0.49287445378345035,0.9743571527472045,15,51,Random Forest,random_forest,smote_class_weight
0.0028331944043372267,0.45251379665371966,0.001998001998001998,0.0392156862745098,0.0038022813688212928,0.4882538857620229,0.9702002141641421,16,51,Random Forest,random_forest,smote_class_weight
0.003173338174122596,0.5109008899802921,0.0045662100456621,0.07692307692307693,0.008620689655172414,0.49236849643713965,0.973565615128186,17,52,Random Forest,random_forest,smote_class_weight
0.0036028124379779048,0.48025942769105634,0.0047984644913627635,0.09615384615384616,0.009140767824497258,0.4904388722055166,0.9691992051986013,18,52,Random Forest,random_forest,smote_class_weight
0.006202033783500663,0.5279194168986768,0.008403361344537815,0.11538461538461539,0.015665796344647518,0.4980867630190225,0.9779640377174222,19,52,Random Forest,random_forest,smote_class_weight
0.0039202576245774955,0.5046729717149911,0.003861003861003861,0.0784313725490196,0.007359705611775529,0.4896160901302537,0.9693785509405142,20,51,Random Forest,random_forest,smote_class_weight
0.008880064282062039,0.5221359422638572,0.0050968399592252805,0.09803921568627451,0.009689922480620155,0.49154321196917306,0.970904662300971,21,51,Random Forest,random_forest,smote_class_weight
0.003386726781141335,0.45925436778552886,0.004739336492890996,0.07692307692307693,0.008928571428571428,0.49294737349183293,0.9744140585699708,22,52,Random Forest,random_forest,smote_class_weight
0.0030866557134221315,0.47251071417399193,0.003181336161187699,0.057692307692307696,0.006030150753768844,0.4901552204890994,0.971727612914935,23,52,Random Forest,random_forest,smote_class_weight
0.008444906219083068,0.5058967059780399,0.006507592190889371,0.11538461538461539,0.012320328542094456,0.49365821490264256,0.9724581201142607,24,52,Random Forest,random_forest,smote_class_weight
0.022939412137538407,0.538735282655735,0.006051437216338881,0.0784313725490196,0.011235955056179775,0.4965308234595232,0.979316055045936,25,51,Random Forest,random_forest,smote_class_weight
0.002725388358232103,0.48598008816702104,0.0038402457757296467,0.09803921568627451,0.007390983000739098,0.4860685063317123,0.9622706135513611,26,51,Random Forest,random_forest,smote_class_weight
0.010505612202722548,0.5430531876622767,0.006269592476489028,0.07692307692307693,0.011594202898550725,0.4969989178484704,0.9798442082214893,27,52,Random Forest,random_forest,smote_class_weight
0.003333039515133651,0.43270354975443426,0.0019083969465648854,0.038461538461538464,0.0036363636363636364,0.4875279971931688,0.9688681842943916,28,52,Random Forest,random_forest,smote_class_weight
0.003370662061497158,0.4793820580598743,0.0022624434389140274,0.038461538461538464,0.004273504273504274,0.4900366275002752,0.9732384363478338,29,52,Random Forest,random_forest,smote_class_weight
0.0032954291782779947,0.4934716935622925,0.004429678848283499,0.0784313725490196,0.008385744234800839,0.4919052428764798,0.9729242857859821,30,51,Random Forest,random_forest,smote_class_weight
0.006107160380444128,0.5329455220302934,0.00528169014084507,0.058823529411764705,0.009693053311793215,0.4969529419640426,0.9816930319627464,31,51,Random Forest,random_forest,smote_class_weight
0.005290345542729441,0.5247613750117308,0.008595988538681949,0.11538461538461539,0.016,0.49846462349475423,0.9783853248214159,32,52,Random Forest,random_forest,smote_class_weight
0.002361083273670246,0.43269377404823717,0.001314060446780552,0.019230769230769232,0.0024600246002460025,0.49073434774725644,0.9764341155501538,33,52,Random Forest,random_forest,smote_class_weight
0.005450822837582227,0.49863286748834734,0.00321285140562249,0.07692307692307693,0.006168080185042405,0.48619064280280405,0.9636821596635059,34,52,Random Forest,random_forest,smote_class_weight
0.003099258459962855,0.45041527005759857,0.0023391812865497076,0.0392156862745098,0.004415011037527594,0.49050598509948096,0.9740832053916959,35,51,Random Forest,random_forest,smote_class_weight
0.005468039261030672,0.4908005697068641,0.004081632653061225,0.0784313725490196,0.007759456838021339,0.49056531032285533,0.9708743985949813,36,51,Random Forest,random_forest,smote_class_weight
0.003700592251934389,0.4652131494979197,0.002290950744558992,0.038461538461538464,0.004324324324324324,0.49020826449064125,0.9735302532385189,37,52,Random Forest,random_forest,smote_class_weight
0.004285276045960195,0.4564785560108862,0.0030303030303030303,0.07692307692307693,0.0058309037900874635,0.48500390656465187,0.961650343110837,38,52,Random Forest,random_forest,smote_class_weight
0.005055128007966168,0.5485837934432383,0.0045351473922902496,0.11538461538461539,0.008727272727272728,0.4864638123413633,0.9616813598585229,39,52,Random Forest,random_forest,smote_class_weight
0.002846286886975936,0.48249018511486325,0.003076923076923077,0.058823529411764705,0.005847953216374269,0.48965033130081115,0.9709507907802687,40,51,Random Forest,random_forest,smote_class_weight
0.007654355006611921,0.4611196992394274,0.004389815627743635,0.09803921568627451,0.008403361344537815,0.48878006950597686,0.9666725744514117,41,51,Random Forest,random_forest,smote_class_weight
0.002672704290575023,0.4774093205493165,0.0035335689045936395,0.057692307692307696,0.006659267480577136,0.49172042939234967,0.974223978201363,42,52,Random Forest,random_forest,smote_class_weight
0.0037021442074408927,0.5218628781243156,0.002642007926023778,0.038461538461538464,0.004944375772558714,0.49205525163016506,0.9765977067268106,43,52,Random Forest,random_forest,smote_class_weight
0.016174306496674458,0.5357658874777114,0.00872093023255814,0.11538461538461539,0.016216216216216217,0.49870436727933887,0.9786484721190502,44,52,Random Forest,random_forest,smote_class_weight
0.002353079175376264,0.4353204302104109,0.0035294117647058825,0.058823529411764705,0.006659267480577136,0.49172042939234967,0.9742731630687237,45,51,Random Forest,random_forest,smote_class_weight
0.003961897278126629,0.48969524270847975,0.0018083182640144665,0.0392156862745098,0.003457216940363008,0.4866728512426346,0.9673896012060889,46,51,Random Forest,random_forest,smote_class_weight
0.0047733680875200486,0.5304596341539712,0.004287245444801715,0.07692307692307693,0.008121827411167513,0.4913603963252442,0.9720509622395711,47,52,Random Forest,random_forest,smote_class_weight
0.004364199747371801,0.5091104693903088,0.004942339373970346,0.057692307692307696,0.009104704097116844,0.4961350172371428,0.9805973344044167,48,52,Random Forest,random_forest,smote_class_weight
0.008812600828711895,0.4555249358713674,0.005543237250554324,0.09615384615384616,0.010482180293501049,0.49297943898033497,0.972932603421406,49,52,Random Forest,random_forest,smote_class_weight
0.024654383455742668,0.4893573654745282,0.0,0.0,0.0,0.4993527425946138,0.9961231499760532,0,51,XGBoost,xgboost,none
0.0037954655467792382,0.5102190421230252,0.0,0.0,0.0,0.4993527425946138,0.9961231499760532,1,51,XGBoost,xgboost,none
0.004757826209736971,0.5302670527418901,0.0,0.0,0.0,0.4993400345212712,0.9960471668122537,2,52,XGBoost,xgboost,none
0.004799041899080177,0.5138086737885945,0.0,0.0,0.0,0.4993400345212712,0.9960471668122537,3,52,XGBoost,xgboost,none
0.0026625900831159835,0.44047425861044204,0.0,0.0,0.0,0.4993400345212712,0.9960471668122537,4,52,XGBoost,xgboost,none
0.00473759185655901,0.5480099628933055,0.0,0.0,0.0,0.4993527425946138,0.9961231499760532,5,51,XGBoost,xgboost,none
0.012633087674265811,0.47261151194580403,0.0,0.0,0.0,0.4993527425946138,0.9961231499760532,6,51,XGBoost,xgboost,none
0.003376550343052596,0.4882681749929615,0.0,0.0,0.0,0.4993400345212712,0.9960471668122537,7,52,XGBoost,xgboost,none
0.0024571724390454325,0.4434494947915038,0.0,0.0,0.0,0.4993400345212712,0.9960471668122537,8,52,XGBoost,xgboost,none
0.0039646325218145664,0.4902756162605187,0.0,0.0,0.0,0.4993400345212712,0.9960471668122537,9,52,XGBoost,xgboost,none
0.0033299466632685645,0.5169790785220711,0.0,0.0,0.0,0.4993527425946138,0.9961231499760532,10,51,XGBoost,xgboost,none
0.00937233319859373,0.49920813137942616,0.0,0.0,0.0,0.4993527425946138,0.9961231499760532,11,51,XGBoost,xgboost,none
0.005314770975141048,0.5359252314887227,0.0,0.0,0.0,0.4993400345212712,0.9960471668122537,12,52,XGBoost,xgboost,none
0.004693645943482332,0.5079823528951732,0.0,0.0,0.0,0.4993400345212712,0.9960471668122537,13,52,XGBoost,xgboost,none
0.002194294728509176,0.4057489950574029,0.0,0.0,0.0,0.4993400345212712,0.9960471668122537,14,52,XGBoost,xgboost,none
0.006071984421798101,0.4715026965393996,0.0,0.0,0.0,0.4993527425946138,0.9961231499760532,15,51,XGBoost,xgboost,none
0.002696234248156097,0.4409985617792077,0.0,0.0,0.0,0.4993527425946138,0.9961231499760532,16,51,XGBoost,xgboost,none
0.002914020018673841,0.5008338677386055,0.0,0.0,0.0,0.4993400345212712,0.9960471668122537,17,52,XGBoost,xgboost,none
0.003935163675297166,0.5055990357243407,0.0,0.0,0.0,0.4993400345212712,0.9960471668122537,18,52,XGBoost,xgboost,none
0.0033032322818208875,0.46807596505771576,0.0,0.0,0.0,0.4993400345212712,0.9960471668122537,19,52,XGBoost,xgboost,none
0.003670717817515173,0.5526998783043945,0.0,0.0,0.0,0.4993527425946138,0.9961231499760532,20,51,XGBoost,xgboost,none
0.024881146681121326,0.5228655178840712,0.0,0.0,0.0,0.4993527425946138,0.9961231499760532,21,51,XGBoost,xgboost,none
0.0025244071916078734,0.47114944708605744,0.0,0.0,0.0,0.4993400345212712,0.9960471668122537,22,52,XGBoost,xgboost,none
0.0028383848926998834,0.49969841946382204,0.0,0.0,0.0,0.4993400345212712,0.9960471668122537,23,52,XGBoost,xgboost,none
0.003796788175442638,0.4607666695342072,0.0,0.0,0.0,0.4993400345212712,0.9960471668122537,24,52,XGBoost,xgboost,none
0.013543516831813813,0.501287222559435,0.0,0.0,0.0,0.4993527425946138,0.9961231499760532,25,51,XGBoost,xgboost,none
0.002526612302706373,0.44366520053861014,0.0,0.0,0.0,0.4993527425946138,0.9961231499760532,26,51,XGBoost,xgboost,none
0.0061192027614326416,0.5222998521913222,0.0,0.0,0.0,0.4993400345212712,0.9960471668122537,27,52,XGBoost,xgboost,none
0.00266285409135054,0.4642903228329215,0.0,0.0,0.0,0.4993400345212712,0.9960471668122537,28,52,XGBoost,xgboost,none
0.0037687756023789855,0.5064035763443551,0.0,0.0,0.0,0.4993400345212712,0.9960471668122537,29,52,XGBoost,xgboost,none
0.0026692155251092434,0.49141552620641604,0.0,0.0,0.0,0.4993527425946138,0.9961231499760532,30,51,XGBoost,xgboost,none
0.003596834290122933,0.5463679194038211,0.0,0.0,0.0,0.4993527425946138,0.9961231499760532,31,51,XGBoost,xgboost,none
0.003542176315442046,0.4814471759939938,0.0,0.0,0.0,0.4993400345212712,0.9960471668122537,32,52,XGBoost,xgboost,none
0.0026129001245061394,0.4543235015797541,0.0,0.0,0.0,0.4993400345212712,0.9960471668122537,33,52,XGBoost,xgboost,none
0.015376992394173079,0.5230447610035349,0.0,0.0,0.0,0.4993400345212712,0.9960471668122537,34,52,XGBoost,xgboost,none
0.0038573399064360304,0.4388756163269456,0.0,0.0,0.0,0.4993527425946138,0.9961231499760532,35,51,XGBoost,xgboost,none
0.004717556267449548,0.5196043547292348,0.0,0.0,0.0,0.4993527425946138,0.9961231499760532,36,51,XGBoost,xgboost,none
0.0031828860402300808,0.47515553148559453,0.0,0.0,0.0,0.4993400345212712,0.9960471668122537,37,52,XGBoost,xgboost,none
0.002744179480884055,0.44339132933963143,0.0,0.0,0.0,0.4993400345212712,0.9960471668122537,38,52,XGBoost,xgboost,none
0.0052591907062466935,0.47735506537992306,0.0,0.0,0.0,0.4993400345212712,0.9960471668122537,39,52,XGBoost,xgboost,none
0.0024891528739546236,0.47085584602366337,0.0,0.0,0.0,0.4993527425946138,0.9961231499760532,40,51,XGBoost,xgboost,none
0.005113397296628833,0.44714563505471316,0.0,0.0,0.0,0.4993527425946138,0.9961231499760532,41,51,XGBoost,xgboost,none
0.002566856718586822,0.4871488566334032,0.0,0.0,0.0,0.4993400345212712,0.9960471668122537,42,52,XGBoost,xgboost,none
0.004745808893442156,0.5345194849375919,0.0,0.0,0.0,0.4993400345212712,0.9960471668122537,43,52,XGBoost,xgboost,none
0.004035206687187943,0.48514337050708545,0.0,0.0,0.0,0.4993400345212712,0.9960471668122537,44,52,XGBoost,xgboost,none
0.003294073318287863,0.48410232796417507,0.0,0.0,0.0,0.4993527425946138,0.9961231499760532,45,51,XGBoost,xgboost,none
0.002881095110444139,0.48251659734701585,0.0,0.0,0.0,0.4993527425946138,0.9961231499760532,46,51,XGBoost,xgboost,none
0.004345034946728724,0.4980732083085682,0.0,0.0,0.0,0.4993400345212712,0.9960471668122537,47,52,XGBoost,xgboost,none
0.0035689077288248673,0.47598744408296056,0.0,0.0,0.0,0.4993400345212712,0.9960471668122537,48,52,XGBoost,xgboost,none
0.004505044788719142,0.5065854044796196,0.0,0.0,0.0,0.4993400345212712,0.9960471668122537,49,52,XGBoost,xgboost,none
0.013155598640458344,0.5186410557716707,0.0036540803897685747,0.058823529411764705,0.006880733944954129,0.492215771368993,0.97504096424744,0,51,XGBoost,xgboost,class_weight
0.0029326665817728244,0.4813539607883005,0.0036319612590799033,0.058823529411764705,0.0068415051311288486,0.49212988637075483,0.9749086643409404,1,51,XGBoost,xgboost,class_weight
0.0030884387900546,0.4937890050677261,0.0036231884057971015,0.057692307692307696,0.006818181818181818,0.49207845411174594,0.9747800634404687,2,52,XGBoost,xgboost,class_weight
0.0030783295143613472,0.5073337347890012,0.0054869684499314125,0.07692307692307693,0.010243277848911651,0.495126035438279,0.9774521206088016,3,52,XGBoost,xgboost,class_weight
0.0022676570540941694,0.4421312408108362,0.0025477707006369425,0.038461538461538464,0.0047789725209080045,0.4916024048587809,0.9758589320575775,4,52,XGBoost,xgboost,class_weight
0.0032848507485937276,0.5154536475292603,0.0051440329218107,0.09803921568627451,0.009775171065493646,0.4917060630864228,0.9711447146395902,5,51,XGBoost,xgboost,class_weight
0.007266534852569832,0.4431907770478699,0.00395778364116095,0.058823529411764705,0.007416563658838072,0.49331722616027646,0.9767051190624882,6,51,XGBoost,xgboost,class_weight
0.005077082687957981,0.4990634873463259,0.002336448598130841,0.038461538461538464,0.004405286343612335,0.4904745684442504,0.9739809218621431,7,52,XGBoost,xgboost,class_weight
0.0024502022570482835,0.4620453319047768,0.0025673940949935813,0.038461538461538464,0.0048134777376654635,0.49169901947064026,0.9760173285763473,8,52,XGBoost,xgboost,class_weight
0.0029127325287443863,0.49029467888760286,0.004207573632538569,0.057692307692307696,0.00784313725490196,0.4941110575502336,0.9778150017904692,9,52,XGBoost,xgboost,class_weight
0.003006851756765712,0.47934513611269747,0.0035671819262782403,0.058823529411764705,0.006726457399103139,0.49187344760192736,0.9745115657199469,10,51,XGBoost,xgboost,class_weight
0.009849787608345059,0.5093843159182039,0.0049261083743842365,0.0784313725490196,0.009269988412514484,0.49355555919265093,0.9753367126020931,11,51,XGBoost,xgboost,class_weight
0.009336439518851304,0.4803439875496606,0.005827505827505828,0.09615384615384616,0.01098901098901099,0.49381771894616355,0.9741005850037245,12,52,XGBoost,xgboost,class_weight
0.0029206740967635428,0.5280137524634779,0.0012300123001230013,0.019230769230769232,0.0023121387283236996,0.48997238743170457,0.9750613186606812,13,52,XGBoost,xgboost,class_weight
0.002178016899829279,0.4292893843651266,0.0,0.0,0.0,0.490204187128457,0.9778236431951942,14,52,XGBoost,xgboost,class_weight
0.004341895539526089,0.45612479729857686,0.0024937655860349127,0.0392156862745098,0.004689331770222743,0.4913458318392505,0.9754856535972336,15,51,XGBoost,xgboost,class_weight
0.00231808338594629,0.4214470315142781,0.0012406947890818859,0.0196078431372549,0.002333722287047841,0.49008914872352966,0.9753222138997943,16,51,XGBoost,xgboost,class_weight
0.0028337129731639357,0.5073532862013952,0.0024479804161566705,0.038461538461538464,0.004602991944764097,0.4910907336405435,0.9750133402148282,17,52,XGBoost,xgboost,class_weight
0.0026800951736413482,0.4678574780242125,0.002635046113306983,0.038461538461538464,0.004932182490752158,0.4920227338418509,0.9765449715983181,18,52,XGBoost,xgboost,class_weight
0.0035781574625181316,0.4817947023492977,0.004087193460490463,0.057692307692307696,0.007633587786259542,0.49372936954881236,0.9772620829021528,19,52,XGBoost,xgboost,class_weight
0.0028621687183595372,0.49893304548983725,0.004618937644341801,0.0784313725490196,0.008724100327153763,0.492566353192307,0.9739064812454421,20,51,XGBoost,xgboost,class_weight
0.013445835044610109,0.5299988139412731,0.0048250904704463205,0.0784313725490196,0.00909090909090909,0.4932407459787671,0.9748868674254082,21,51,XGBoost,xgboost,class_weight
0.002558590622378338,0.47124182750961924,0.002254791431792559,0.038461538461538464,0.004259850905218318,0.48998990623632205,0.973158821547428,22,52,XGBoost,xgboost,class_weight
0.0024172107757696112,0.45115275127475213,0.0026595744680851063,0.038461538461538464,0.004975124378109453,0.49213666683660673,0.9767295213811067,23,52,XGBoost,xgboost,class_weight
0.004030920847406641,0.46129162495698683,0.005509641873278237,0.07692307692307693,0.010282776349614395,0.4951853499022445,0.9775311465511293,24,52,XGBoost,xgboost,class_weight
0.00807593289272568,0.5303406779272477,0.004243281471004243,0.058823529411764705,0.0079155672823219,0.4942395101854877,0.978048494552042,25,51,XGBoost,xgboost,class_weight
0.0025533391739485482,0.4412900930208916,0.0024390243902439024,0.0392156862745098,0.004592422502870264,0.49105894552315144,0.9750097726730175,26,51,XGBoost,xgboost,class_weight
0.005784559601178754,0.49465366628085206,0.002380952380952381,0.038461538461538464,0.004484304932735426,0.4907264350682974,0.974404725134193,27,52,XGBoost,xgboost,class_weight
0.002340580941341692,0.41755071636375013,0.002758620689655172,0.038461538461538464,0.005148005148005148,0.49257943299990314,0.9774407498957781,28,52,XGBoost,xgboost,class_weight
0.0031436721807694607,0.4925685081490287,0.0036101083032490976,0.057692307692307696,0.006795016987542469,0.49202709490632146,0.9747006585225476,29,52,XGBoost,xgboost,class_weight
0.0027062729104267587,0.48841051186905915,0.001256281407035176,0.0196078431372549,0.0023612750885478157,0.490235325246665,0.9755864006980226,30,51,XGBoost,xgboost,class_weight
0.003463776590808705,0.5186206236675527,0.005924170616113744,0.09803921568627451,0.0111731843575419,0.4941088861636748,0.9745471512640571,31,51,XGBoost,xgboost,class_weight
0.0031064203186295554,0.5098734632589859,0.002728512960436562,0.038461538461538464,0.005095541401273885,0.4924476750019069,0.9772301157464021,32,52,XGBoost,xgboost,class_weight
0.0026468836956312944,0.4702852746582413,0.0025806451612903226,0.038461538461538464,0.0048367593712212815,0.4917635545904552,0.976122899662518,33,52,XGBoost,xgboost,class_weight
0.025198979190681692,0.48345608361748055,0.004733727810650888,0.07692307692307693,0.008918617614269788,0.49292912800767447,0.9743875651359751,34,52,XGBoost,xgboost,class_weight
0.0023024817006539033,0.422135742926256,0.0012658227848101266,0.0196078431372549,0.0023781212841854932,0.4903231554953577,0.9757448479153346,35,51,XGBoost,xgboost,class_weight
0.0028418424058995707,0.4826730773639197,0.0023148148148148147,0.0392156862745098,0.004371584699453552,0.49036475583557004,0.9738446789765597,36,51,XGBoost,xgboost,class_weight
0.0032166937935690543,0.4989364031657647,0.0040650406504065045,0.057692307692307696,0.007594936708860759,0.49365726451563896,0.9771567003080233,37,52,XGBoost,xgboost,class_weight
0.0032439836683734093,0.4346757984796822,0.003926701570680628,0.057692307692307696,0.007352941176470588,0.4931929336240605,0.9764712063791667,38,52,XGBoost,xgboost,class_weight
0.002936851158231942,0.5055413590577783,0.0045871559633027525,0.07692307692307693,0.008658008658008658,0.4924403115660514,0.9736717444932365,39,52,XGBoost,xgboost,class_weight
0.002327999556898529,0.461621531650326,0.0011534025374855825,0.0196078431372549,0.002178649237472767,0.48920248319646803,0.9737077392268576,40,51,XGBoost,xgboost,class_weight
0.004083073134076241,0.44971709010956595,0.001277139208173691,0.0196078431372549,0.002398081534772182,0.4904257461074182,0.9759296415771231,41,51,XGBoost,xgboost,class_weight
0.0030844113104424925,0.47358750821159323,0.0038560411311053984,0.057692307692307696,0.007228915662650603,0.49294585769667304,0.9761017288540205,42,52,XGBoost,xgboost,class_weight
0.003055078517081923,0.5269433126349048,0.0025380710659898475,0.038461538461538464,0.004761904761904762,0.4915541807274091,0.9757797158340402,43,52,XGBoost,xgboost,class_weight
0.004208204846328738,0.5194722291738355,0.004398826979472141,0.057692307692307696,0.008174386920980926,0.49468491004880477,0.9786301779340159,44,52,XGBoost,xgboost,class_weight
0.0025366232093061176,0.43885518422282754,0.003605769230769231,0.058823529411764705,0.006795016987542469,0.49202709490632146,0.9747498607206735,45,51,XGBoost,xgboost,class_weight
0.002338293601143215,0.44223445490634616,0.0011627906976744186,0.0196078431372549,0.0021953896816684962,0.48930383439502895,0.973893263626704,46,51,XGBoost,xgboost,class_weight
0.005762623629858494,0.5095841023555542,0.005471956224350205,0.07692307692307693,0.010217113665389528,0.49508657312650056,0.9773994302866605,47,52,XGBoost,xgboost,class_weight
0.0034794946340926764,0.4955178387086683,0.002570694087403599,0.038461538461538464,0.004819277108433735,0.4917151437590436,0.9760437233415302,48,52,XGBoost,xgboost,class_weight
0.0029205268084736423,0.4901915451872243,0.002257336343115124,0.038461538461538464,0.0042643923240938165,0.4900054758296657,0.9731853611662771,49,52,XGBoost,xgboost,class_weight
0.00927400486547907,0.5508824177258969,0.0,0.0,0.0,0.4993527425946138,0.9961231499760532,0,51,XGBoost,xgboost,custom
0.013468056223542104,0.5416660437366632,0.0,0.0,0.0,0.4993527425946138,0.9961231499760532,1,51,XGBoost,xgboost,custom
0.003789965156887641,0.4656525674914756,0.0,0.0,0.0,0.49932732580276684,0.9960218163853204,2,52,XGBoost,xgboost,custom
0.003901621214430333,0.49227719210435766,0.0,0.0,0.0,0.4993146164390516,0.9959964646713672,3,52,XGBoost,xgboost,custom
0.002690410417139176,0.46023047204930084,0.0,0.0,0.0,0.4993400345212712,0.9960471668122537,4,52,XGBoost,xgboost,custom
0.005755541740178267,0.53594355955161,0.0,0.0,0.0,0.4993527425946138,0.9961231499760532,5,51,XGBoost,xgboost,custom
0.004728548821812965,0.5291212301522042,0.0,0.0,0.0,0.4993527425946138,0.9961231499760532,6,51,XGBoost,xgboost,custom
0.003452966920950262,0.4670377850595927,0.0,0.0,0.0,0.4993146164390516,0.9959964646713672,7,52,XGBoost,xgboost,custom
0.0025925466670327787,0.44597211577564366,0.0,0.0,0.0,0.49932732580276684,0.9960218163853204,8,52,XGBoost,xgboost,custom
0.005515001200284187,0.5061850893108518,0.0,0.0,0.0,0.49932732580276684,0.9960218163853204,9,52,XGBoost,xgboost,custom
0.004716664639029082,0.5220621873514312,0.0,0.0,0.0,0.4993527425946138,0.9961231499760532,10,51,XGBoost,xgboost,custom
0.016111775878594605,0.5180500197842568,0.0,0.0,0.0,0.4993527425946138,0.9961231499760532,11,51,XGBoost,xgboost,custom
0.006483509542194224,0.5322930678512217,0.0,0.0,0.0,0.4993400345212712,0.9960471668122537,12,52,XGBoost,xgboost,custom
0.00334940819357435,0.519801670472675,0.0,0.0,0.0,0.4993400345212712,0.9960471668122537,13,52,XGBoost,xgboost,custom
0.002264852799435978,0.4189921442425001,0.0,0.0,0.0,0.49932732580276684,0.9960218163853204,14,52,XGBoost,xgboost,custom
0.005538807282887444,0.4761791566624108,0.0,0.0,0.0,0.4993527425946138,0.9961231499760532,15,51,XGBoost,xgboost,custom
0.0025360404757488655,0.43356426594426717,0.0,0.0,0.0,0.49932732580276684,0.9960724478318629,16,51,XGBoost,xgboost,custom
0.002753123990515724,0.4886738668001376,0.0,0.0,0.0,0.4993400345212712,0.9960471668122537,17,52,XGBoost,xgboost,custom
0.0035180592381321655,0.5335653760127632,0.0,0.0,0.0,0.4993400345212712,0.9960471668122537,18,52,XGBoost,xgboost,custom
0.005518303127049149,0.4934287702943661,0.0,0.0,0.0,0.4993400345212712,0.9960471668122537,19,52,XGBoost,xgboost,custom
0.0031578204067023684,0.5369556962214561,0.0,0.0,0.0,0.4993146164390516,0.9960470948291891,20,51,XGBoost,xgboost,custom
0.009184357452534183,0.5260499360624644,0.0,0.0,0.0,0.4993527425946138,0.9961231499760532,21,51,XGBoost,xgboost,custom
0.004225668659117211,0.48517318641098633,0.0,0.0,0.0,0.4993400345212712,0.9960471668122537,22,52,XGBoost,xgboost,custom
0.0026727919670660035,0.46859652141270686,0.0,0.0,0.0,0.4993400345212712,0.9960471668122537,23,52,XGBoost,xgboost,custom
0.006844370497795242,0.4443752541683612,0.0,0.0,0.0,0.49932732580276684,0.9960218163853204,24,52,XGBoost,xgboost,custom
0.01446904039408661,0.5164129597348013,0.3333333333333333,0.0196078431372549,0.037037037037037035,0.5178585195339016,0.9961934987244044,25,51,XGBoost,xgboost,custom
0.002486280228236204,0.46606725850000447,0.0,0.0,0.0,0.4993400345212712,0.9960977995474516,26,51,XGBoost,xgboost,custom
0.005380821335339077,0.5299473871492477,0.0,0.0,0.0,0.4993400345212712,0.9960471668122537,27,52,XGBoost,xgboost,custom
0.002536197283693385,0.4488711014483686,0.0,0.0,0.0,0.4993146164390516,0.9959964646713672,28,52,XGBoost,xgboost,custom
0.002999778578314444,0.4992037687302531,0.0,0.0,0.0,0.4993400345212712,0.9960471668122537,29,52,XGBoost,xgboost,custom
0.002666950284516398,0.4489152546089345,0.0,0.0,0.0,0.4993400345212712,0.9960977995474516,30,51,XGBoost,xgboost,custom
0.0040737534610182655,0.5669460383146803,0.0,0.0,0.0,0.4993527425946138,0.9961231499760532,31,51,XGBoost,xgboost,custom
0.0038849515634911064,0.5285826985641443,0.0,0.0,0.0,0.49932732580276684,0.9960218163853204,32,52,XGBoost,xgboost,custom
0.002271612450943911,0.43962377217130166,0.0,0.0,0.0,0.49932732580276684,0.9960218163853204,33,52,XGBoost,xgboost,custom
0.009475207361317111,0.5089877842775362,0.0,0.0,0.0,0.4993400345212712,0.9960471668122537,34,52,XGBoost,xgboost,custom
0.003080243525400068,0.4339126084022792,0.0,0.0,0.0,0.4993527425946138,0.9961231499760532,35,51,XGBoost,xgboost,custom
0.006341033687328704,0.5146976596768936,0.0,0.0,0.0,0.4993527425946138,0.9961231499760532,36,51,XGBoost,xgboost,custom
0.003528628068891904,0.45605575671786536,0.0,0.0,0.0,0.49928919577579206,0.9959457573820099,37,52,XGBoost,xgboost,custom
0.005931110890540527,0.460796485438108,0.0,0.0,0.0,0.49930190643007644,0.9959711116702965,38,52,XGBoost,xgboost,custom
0.004016699505058325,0.5366804047924422,0.0,0.0,0.0,0.49932732580276684,0.9960218163853204,39,52,XGBoost,xgboost,custom
0.0030373053304488863,0.47594493498105794,0.0,0.0,0.0,0.49932732580276684,0.9960724478318629,40,51,XGBoost,xgboost,custom
0.005303577890813231,0.46918240686199764,0.0,0.0,0.0,0.4993527425946138,0.9961231499760532,41,51,XGBoost,xgboost,custom
0.0025987099671210224,0.4799368293865549,0.0,0.0,0.0,0.49932732580276684,0.9960218163853204,42,52,XGBoost,xgboost,custom
0.004057091367295812,0.5407490537116402,0.0,0.0,0.0,0.4993400345212712,0.9960471668122537,43,52,XGBoost,xgboost,custom
0.005540629115325084,0.5042118630149842,0.0,0.0,0.0,0.4993400345212712,0.9960471668122537,44,52,XGBoost,xgboost,custom
0.0026027658664669563,0.47049055986955346,0.0,0.0,0.0,0.4993400345212712,0.9960977995474516,45,51,XGBoost,xgboost,custom
0.0028263785235772324,0.4879699757705146,0.0,0.0,0.0,0.4993400345212712,0.9960977995474516,46,51,XGBoost,xgboost,custom
0.00477740072034237,0.5143194544373886,0.0,0.0,0.0,0.4993400345212712,0.9960471668122537,47,52,XGBoost,xgboost,custom
0.0035842497177935285,0.5342247473957519,0.0,0.0,0.0,0.4993400345212712,0.9960471668122537,48,52,XGBoost,xgboost,custom
0.004058421822988048,0.517453057058842,0.0,0.0,0.0,0.4993400345212712,0.9960471668122537,49,52,XGBoost,xgboost,custom
0.014849846819909931,0.5475061371063955,0.005905511811023622,0.058823529411764705,0.01073345259391771,0.4982567466111865,0.983258879809668,0,51,XGBoost,xgboost,smote_class_weight
0.0126963661199057,0.4973871823929084,0.0022727272727272726,0.0196078431372549,0.004073319755600814,0.49576050925018533,0.9849050049033358,1,51,XGBoost,xgboost,smote_class_weight
0.005063581751781333,0.4927151437419839,0.005494505494505495,0.057692307692307696,0.010033444816053512,0.4973976747889791,0.9821921481244487,2,52,XGBoost,xgboost,smote_class_weight
0.005063915314182637,0.5139861028560703,0.005405405405405406,0.038461538461538464,0.009478672985781991,0.4993839324033097,0.9867060369344338,3,52,XGBoost,xgboost,smote_class_weight
0.002830381754539697,0.4511121820940344,0.0016891891891891893,0.019230769230769232,0.003105590062111801,0.4932804519736391,0.9808707374483993,4,52,XGBoost,xgboost,smote_class_weight
0.007298959052847283,0.535172621379157,0.01107011070110701,0.11764705882352941,0.02023608768971332,0.502641528595854,0.9825522749688153,5,51,XGBoost,xgboost,smote_class_weight
0.005172181152951297,0.4993127836200306,0.003838771593090211,0.0392156862745098,0.006993006993006993,0.4961912251756886,0.9828596208956532,6,51,XGBoost,xgboost,smote_class_weight
0.005041713837118843,0.489534128945475,0.0037735849056603774,0.038461538461538464,0.006872852233676976,0.496000621042995,0.9825493344905117,7,52,XGBoost,xgboost,smote_class_weight
0.002707063540405846,0.4470195826946539,0.002105263157894737,0.019230769230769232,0.003795066413662239,0.49515310217987907,0.98392032291265,8,52,XGBoost,xgboost,smote_class_weight
0.005948640782097201,0.5267170050364438,0.00963855421686747,0.07692307692307693,0.017130620985010708,0.5026778268466265,0.9856648568103715,9,52,XGBoost,xgboost,smote_class_weight
0.003933225534034,0.4963371715788435,0.0055248618784530384,0.058823529411764705,0.010101010101010102,0.49748371656025947,0.9823459892302753,10,51,XGBoost,xgboost,smote_class_weight
0.014448396044058707,0.5163646203665221,0.005758157389635317,0.058823529411764705,0.01048951048951049,0.49796519973492914,0.9829199743432034,11,51,XGBoost,xgboost,smote_class_weight
0.006497867561445693,0.5063981997059468,0.00423728813559322,0.038461538461538464,0.007633587786259542,0.49713711040736264,0.984059596405438,12,52,XGBoost,xgboost,smote_class_weight
0.0028690829475376406,0.505185523352207,0.004166666666666667,0.038461538461538464,0.007518796992481203,0.4969755563747481,0.9838515257055167,13,52,XGBoost,xgboost,smote_class_weight
0.002268523511454519,0.4376397925986173,0.0,0.0,0.0,0.49477459016393444,0.9869403506088946,14,52,XGBoost,xgboost,smote_class_weight
0.023667052552097202,0.48753492145600164,0.007009345794392523,0.058823529411764705,0.012526096033402923,0.5001941214340332,0.9853402375570898,15,51,XGBoost,xgboost,smote_class_weight
0.0022367567800138308,0.40361678143529045,0.004830917874396135,0.058823529411764705,0.008928571428571428,0.4958764994547437,0.9803062420895823,16,51,XGBoost,xgboost,smote_class_weight
0.002529528240686623,0.48720702208527544,0.002053388090349076,0.019230769230769232,0.0037105751391465678,0.4949545705118231,0.9836083521591519,17,52,XGBoost,xgboost,smote_class_weight
0.003775089440006723,0.505621031063284,0.0049382716049382715,0.038461538461538464,0.0087527352297593,0.4985673347611442,0.9857992574343226,18,52,XGBoost,xgboost,smote_class_weight
0.00886122201171355,0.5168230127944443,0.006711409395973154,0.057692307692307696,0.012024048096192385,0.49968323511898377,0.9847711102653621,19,52,XGBoost,xgboost,smote_class_weight
0.0034618909777974845,0.5237296463850625,0.0019305019305019305,0.0196078431372549,0.0035149384885764497,0.49446561502993086,0.9828774065070379,20,51,XGBoost,xgboost,smote_class_weight
0.01397147946638471,0.5355468777253187,0.004524886877828055,0.0392156862745098,0.008113590263691683,0.4977803222785536,0.9849148089747422,21,51,XGBoost,xgboost,smote_class_weight
0.003802673928941032,0.47747041871304785,0.0036036036036036037,0.038461538461538464,0.006589785831960461,0.4955324769122728,0.9818970885019973,22,52,XGBoost,xgboost,smote_class_weight
0.0025700580245416747,0.4627731332311446,0.0016835016835016834,0.019230769230769232,0.0030959752321981426,0.4932494463037956,0.9808184537274794,23,52,XGBoost,xgboost,smote_class_weight
0.00929826372055663,0.4675060413864297,0.0091324200913242,0.07692307692307693,0.0163265306122449,0.5019771161198192,0.9850669806330319,24,52,XGBoost,xgboost,smote_class_weight
0.013525811788915253,0.5300307079574573,0.004618937644341801,0.0392156862745098,0.008264462809917356,0.4979726995293812,0.985148476294202,25,51,XGBoost,xgboost,smote_class_weight
0.002395401767651733,0.4599675279047724,0.0,0.0,0.0,0.49308661012593163,0.9836232894957871,26,51,XGBoost,xgboost,smote_class_weight
0.0051753302786622865,0.5373285341133044,0.005628517823639775,0.057692307692307696,0.010256410256410256,0.4976789603452496,0.9825314462884168,27,52,XGBoost,xgboost,smote_class_weight
0.002534195941987152,0.44307801795601715,0.0047169811320754715,0.038461538461538464,0.008403361344537815,0.49814605098941966,0.9853064429399663,28,52,XGBoost,xgboost,smote_class_weight
0.0034236415328313423,0.4760128609190728,0.00196078431372549,0.019230769230769232,0.0035587188612099642,0.4945788245337269,0.9830098969984796,29,52,XGBoost,xgboost,smote_class_weight
0.0026970251598163355,0.4708957135438936,0.007125890736342043,0.058823529411764705,0.012711864406779662,0.500377894436559,0.9855220255075552,30,51,XGBoost,xgboost,smote_class_weight
0.0039819025084831755,0.5628097830907893,0.0027548209366391185,0.0196078431372549,0.004830917874396135,0.49713800850936596,0.9868991995679433,31,51,XGBoost,xgboost,smote_class_weight
0.0032475863375374305,0.5028525510682892,0.0024509803921568627,0.019230769230769232,0.004347826086956522,0.4963003109094883,0.9856588463089039,32,52,XGBoost,xgboost,smote_class_weight
0.002260900277220391,0.44890482763474837,0.0,0.0,0.0,0.4914397689768977,0.9802882919604068,33,52,XGBoost,xgboost,smote_class_weight
0.013039847868844552,0.49021158538492826,0.00992063492063492,0.09615384615384616,0.017985611510791366,0.5019733673104713,0.9834091698246529,34,52,XGBoost,xgboost,smote_class_weight
0.0036754229997572677,0.43379450087359706,0.004024144869215292,0.0392156862745098,0.0072992700729927005,0.49665734711875853,0.9834847750133041,35,51,XGBoost,xgboost,smote_class_weight
0.005514328500594811,0.47647268128010617,0.0078125,0.058823529411764705,0.013793103448275862,0.5013983844465638,0.9864820806414737,36,51,XGBoost,xgboost,smote_class_weight
0.0035089589865666777,0.43789493853035943,0.0056925996204933585,0.057692307692307696,0.010362694300518135,0.4978104345978394,0.9826879779274604,37,52,XGBoost,xgboost,smote_class_weight
0.006310428060166618,0.4593589678418369,0.005366726296958855,0.057692307692307696,0.009819967266775777,0.4971210195012459,0.981852648219574,38,52,XGBoost,xgboost,smote_class_weight
0.0033026780884152806,0.5296360309068727,0.007380073800738007,0.07692307692307693,0.013468013468013467,0.4991929556195784,0.9823567847117354,39,52,XGBoost,xgboost,smote_class_weight
0.0028495944800497127,0.47818847968201666,0.005405405405405406,0.058823529411764705,0.009900990099009901,0.49722689688257227,0.9820326636087466,40,51,XGBoost,xgboost,smote_class_weight
0.007119647594416306,0.46068464492491445,0.0034071550255536627,0.0392156862745098,0.006269592476489028,0.4949667982995689,0.9811367725776299,41,51,XGBoost,xgboost,smote_class_weight
0.0025485359468489935,0.4719989559545781,0.004282655246252677,0.038461538461538464,0.007707129094412331,0.4972389584694749,0.9841896019666726,42,52,XGBoost,xgboost,smote_class_weight
0.003071818223811917,0.49965931663903407,0.0044444444444444444,0.038461538461538464,0.00796812749003984,0.4975905958664188,0.9846314004468567,43,52,XGBoost,xgboost,smote_class_weight
0.007431765829489852,0.5281398590734194,0.011940298507462687,0.07692307692307693,0.020671834625323,0.5054845310194278,0.9877409244108463,44,52,XGBoost,xgboost,smote_class_weight
0.0023504272134249934,0.4446015889200188,0.0,0.0,0.0,0.491675686820267,0.9808087392836254,45,51,XGBoost,xgboost,smote_class_weight
0.0028717287881662463,0.47815509063382383,0.0027247956403269754,0.0196078431372549,0.004784688995215311,0.49706311057498404,0.9867957808365042,46,51,XGBoost,xgboost,smote_class_weight
0.004426566123425491,0.5175923608721494,0.008113590263691683,0.07692307692307693,0.014678899082568808,0.5004376681876612,0.9836351458717981,47,52,XGBoost,xgboost,smote_class_weight
0.00457743298065968,0.502728399599587,0.002976190476190476,0.019230769230769232,0.005154639175257732,0.49763620335619,0.9875210284033351,48,52,XGBoost,xgboost,smote_class_weight
0.003173463149863772,0.49480372337097633,0.0045871559633027525,0.038461538461538464,0.00819672131147541,0.49788686168243174,0.9849949814389802,49,52,XGBoost,xgboost,smote_class_weight
0.003271862101372457,0.48323371436715795,0.0,0.0,0.0,0.49927648447614936,0.9959710280976767,0,51,LightGBM,lightgbm,none
0.002751410851662193,0.4757824748361196,0.0,0.0,0.0,0.49930190643007644,0.9960217405393322,1,51,LightGBM,lightgbm,none
0.0033307901084574927,0.5042666069696875,0.0,0.0,0.0,0.49932732580276684,0.9960218163853204,2,52,LightGBM,lightgbm,none
0.00385492431211971,0.47856578659242344,0.0,0.0,0.0,0.49928919577579206,0.9959457573820099,3,52,LightGBM,lightgbm,none
0.002185611118516791,0.4320500437951638,0.0,0.0,0.0,0.49932732580276684,0.9960218163853204,4,52,LightGBM,lightgbm,none
0.0028043273862815377,0.4897829512529863,0.0,0.0,0.0,0.4993527425946138,0.9961231499760532,5,51,LightGBM,lightgbm,none
0.003587544516117699,0.4683172816730006,0.0,0.0,0.0,0.49932732580276684,0.9960724478318629,6,51,LightGBM,lightgbm,none
0.0033459184615241,0.5210607814308506,0.0,0.0,0.0,0.49928919577579206,0.9959457573820099,7,52,LightGBM,lightgbm,none
0.0023732187809388985,0.4389389839522007,0.0,0.0,0.0,0.49930190643007644,0.9959711116702965,8,52,LightGBM,lightgbm,none
0.0023801998062412725,0.46603870788625773,0.0,0.0,0.0,0.49928919577579206,0.9959457573820099,9,52,LightGBM,lightgbm,none
0.003065664609436665,0.5348741133214329,0.0,0.0,0.0,0.49928919577579206,0.9959963849621941,10,51,LightGBM,lightgbm,none
0.012351903974177717,0.47529011096127566,0.25,0.0196078431372549,0.03636363636363636,0.5175091098326191,0.9961664045197202,11,51,LightGBM,lightgbm,none
0.0034698538182432732,0.4920142256076579,0.0,0.0,0.0,0.4993146164390516,0.9959964646713672,12,52,LightGBM,lightgbm,none
0.0032838466880028743,0.5077267181781212,0.0,0.0,0.0,0.49932732580276684,0.9960218163853204,13,52,LightGBM,lightgbm,none
0.0023198236350649463,0.45940784637282195,0.0,0.0,0.0,0.49928919577579206,0.9959457573820099,14,52,LightGBM,lightgbm,none
0.0029057624980863396,0.48098717960218196,0.0,0.0,0.0,0.4993400345212712,0.9960977995474516,15,51,LightGBM,lightgbm,none
0.002264288839536402,0.4255414258419272,0.0,0.0,0.0,0.4993400345212712,0.9960977995474516,16,51,LightGBM,lightgbm,none
0.002914753076483962,0.5392010706353427,0.0,0.0,0.0,0.49930190643007644,0.9959711116702965,17,52,LightGBM,lightgbm,none
0.002594776703040178,0.46810138189382805,0.0,0.0,0.0,0.4993146164390516,0.9959964646713672,18,52,LightGBM,lightgbm,none
0.003124265078443697,0.5005889862983702,0.0,0.0,0.0,0.49925105994059255,0.9958696867928754,19,52,LightGBM,lightgbm,none
0.0032311754565640927,0.5222176706803293,0.0,0.0,0.0,0.49932732580276684,0.9960724478318629,20,51,LightGBM,lightgbm,none
0.007214707393018496,0.540961385316593,0.0,0.0,0.0,0.4993527425946138,0.9961231499760532,21,51,LightGBM,lightgbm,none
0.0023730523248043293,0.4687617308474364,0.0,0.0,0.0,0.4993146164390516,0.9959964646713672,22,52,LightGBM,lightgbm,none
0.0025557779165198626,0.47627631620108235,0.0,0.0,0.0,0.49930190643007644,0.9959711116702965,23,52,LightGBM,lightgbm,none
0.0027281727364866616,0.4593301295085557,0.0,0.0,0.0,0.4993146164390516,0.9959964646713672,24,52,LightGBM,lightgbm,none
0.004006828648219824,0.5433514431543979,0.0,0.0,0.0,0.4993400345212712,0.9960977995474516,25,51,LightGBM,lightgbm,none
0.0026703037886369437,0.4793311824806169,0.0,0.0,0.0,0.4993527425946138,0.9961231499760532,26,51,LightGBM,lightgbm,none
0.003770997597412732,0.5595536021522194,0.0,0.0,0.0,0.49927648447614936,0.9959204018064094,27,52,LightGBM,lightgbm,none
0.0023936683129815233,0.4504523219257359,0.0,0.0,0.0,0.4993146164390516,0.9959964646713672,28,52,LightGBM,lightgbm,none
0.002809233032973112,0.47295208730878724,0.0,0.0,0.0,0.49930190643007644,0.9959711116702965,29,52,LightGBM,lightgbm,none
0.002902633308149302,0.483746012002117,0.0,0.0,0.0,0.49932732580276684,0.9960724478318629,30,51,LightGBM,lightgbm,none
0.00358576119109521,0.5437864974689108,0.0,0.0,0.0,0.4993146164390516,0.9960470948291891,31,51,LightGBM,lightgbm,none
0.003533874930694523,0.5083274353239278,0.0,0.0,0.0,0.4993146164390516,0.9959964646713672,32,52,LightGBM,lightgbm,none
0.0023812691064720856,0.45241821644195573,0.0,0.0,0.0,0.4993146164390516,0.9959964646713672,33,52,LightGBM,lightgbm,none
0.006518589016809035,0.5103529616479494,0.0,0.0,0.0,0.49930190643007644,0.9959711116702965,34,52,LightGBM,lightgbm,none
0.0022892513304561225,0.4295929625853289,0.0,0.0,0.0,0.49930190643007644,0.9960217405393322,35,51,LightGBM,lightgbm,none
0.0032166321021636153,0.48206609436841374,0.0,0.0,0.0,0.49930190643007644,0.9960217405393322,36,51,LightGBM,lightgbm,none
0.0026379235513328144,0.4843715785028311,0.0,0.0,0.0,0.49925105994059255,0.9958696867928754,37,52,LightGBM,lightgbm,none
0.0025860606964697155,0.4774230065379924,0.0,0.0,0.0,0.49930190643007644,0.9959711116702965,38,52,LightGBM,lightgbm,none
0.003720779913487702,0.5415066709419089,0.0,0.0,0.0,0.49930190643007644,0.9959711116702965,39,52,LightGBM,lightgbm,none
0.0027062355312178045,0.47188741810962176,0.0,0.0,0.0,0.4993146164390516,0.9960470948291891,40,51,LightGBM,lightgbm,none
0.004427798455073733,0.4551614983410128,0.0,0.0,0.0,0.49932732580276684,0.9960724478318629,41,51,LightGBM,lightgbm,none
0.002934541773863238,0.510426768229737,0.0,0.0,0.0,0.4993146164390516,0.9959964646713672,42,52,LightGBM,lightgbm,none
0.0033718424850470545,0.5013685988675822,0.0,0.0,0.0,0.49928919577579206,0.9959457573820099,43,52,LightGBM,lightgbm,none
0.0031953119645456176,0.48618399443175775,0.0,0.0,0.0,0.49928919577579206,0.9959457573820099,44,52,LightGBM,lightgbm,none
0.002623363914482534,0.4542859079279554,0.0,0.0,0.0,0.49928919577579206,0.9959963849621941,45,51,LightGBM,lightgbm,none
0.0022521772571933558,0.432438008497762,0.0,0.0,0.0,0.4993400345212712,0.9960977995474516,46,51,LightGBM,lightgbm,none
0.007632972915328176,0.5172502111552538,0.0,0.0,0.0,0.49928919577579206,0.9959457573820099,47,52,LightGBM,lightgbm,none
0.00263816067561424,0.4971259423780774,0.0,0.0,0.0,0.49932732580276684,0.9960218163853204,48,52,LightGBM,lightgbm,none
0.003051599311948227,0.5172849149122533,0.0,0.0,0.0,0.4993146164390516,0.9959964646713672,49,52,LightGBM,lightgbm,none
0.004662356691157027,0.4890653358888414,0.0033783783783783786,0.058823529411764705,0.006389776357827476,0.4910808369181695,0.9732653831722272,0,51,LightGBM,lightgbm,class_weight
0.003044566893619196,0.4759454333250608,0.006053268765133172,0.09803921568627451,0.011402508551881414,0.4944622405091211,0.9750238943554482,1,51,LightGBM,lightgbm,class_weight
0.003597652113176312,0.5051605953014046,0.004592422502870264,0.07692307692307693,0.00866738894907909,0.4924582888937478,0.9736982735274126,2,52,LightGBM,lightgbm,class_weight
0.003000845384081289,0.4967984562204774,0.003787878787878788,0.057692307692307696,0.0071090047393364926,0.49270070483573397,0.9757319944266546,3,52,LightGBM,lightgbm,class_weight
0.00214702624610728,0.42662648199705944,0.0,0.0,0.0,0.48803405492394747,0.9734948213814535,4,52,LightGBM,lightgbm,class_weight
0.0027289973602641817,0.49104376158026874,0.004044489383215369,0.0784313725490196,0.007692307692307693,0.49041145274221715,0.9706342809803699,5,51,LightGBM,lightgbm,class_weight
0.003520967362442751,0.4506106209067269,0.0037546933667083854,0.058823529411764705,0.007058823529411765,0.4925962027901476,0.9756226911218328,6,51,LightGBM,lightgbm,class_weight
0.003131559843077848,0.5107039095004223,0.002232142857142857,0.038461538461538464,0.004219409282700422,0.48984996438160994,0.9729199041017785,7,52,LightGBM,lightgbm,class_weight
0.0027377328684884857,0.4607177910032221,0.0033149171270718232,0.057692307692307696,0.006269592476489028,0.49078125904773245,0.972738209875546,8,52,LightGBM,lightgbm,class_weight
0.002521139299259852,0.4841115447179904,0.0,0.0,0.0,0.48900230575921655,0.9754262176937039,9,52,LightGBM,lightgbm,class_weight
0.002883083951727405,0.5247353045828711,0.002150537634408602,0.0392156862745098,0.004077471967380225,0.4893395392696235,0.9720921393813969,10,51,LightGBM,lightgbm,class_weight
0.005573631377384324,0.49892258026577685,0.0035545023696682463,0.058823529411764705,0.0067039106145251395,0.4918223726548101,0.9744321101398269,11,51,LightGBM,lightgbm,class_weight
0.0032115921534643338,0.4787388165921106,0.004145077720207254,0.07692307692307693,0.007866273352999017,0.49080571350249935,0.9711987278876747,12,52,LightGBM,lightgbm,class_weight
0.0025563891449907616,0.4762259713141678,0.0020898641588296763,0.038461538461538464,0.003964321110009911,0.4889094999759056,0.9712976772902877,13,52,LightGBM,lightgbm,class_weight
0.0022049560828813815,0.4411077243720086,0.0,0.0,0.0,0.4892140359963745,0.9758485617644168,14,52,LightGBM,lightgbm,class_weight
0.0031760445176362475,0.4674850471881936,0.0023148148148148147,0.0392156862745098,0.004371584699453552,0.49036475583557004,0.9738446789765597,15,51,LightGBM,lightgbm,class_weight
0.0022142037410685404,0.4220963737500287,0.0011198208286674132,0.0196078431372549,0.00211864406779661,0.4888268267087373,0.9730180637691985,16,51,LightGBM,lightgbm,class_weight
0.0028118389805662294,0.519821221885069,0.0,0.0,0.0,0.4888168977581962,0.9750563793043232,17,52,LightGBM,lightgbm,class_weight
0.002547987298559205,0.46355079065911714,0.0023923444976076554,0.038461538461538464,0.0045045045045045045,0.49078959665059246,0.9745106221984654,18,52,LightGBM,lightgbm,class_weight
0.004201084744101901,0.492986908374261,0.007211538461538462,0.11538461538461539,0.013574660633484163,0.4954814491840795,0.9748472568986749,19,52,LightGBM,lightgbm,class_weight
0.0029173804459764526,0.5105624011410085,0.0031088082901554403,0.058823529411764705,0.005905511811023622,0.4898126643151704,0.9712173563875881,20,51,LightGBM,lightgbm,class_weight
0.02359920286369882,0.5351377372989555,0.004624277456647399,0.0784313725490196,0.008733624454148471,0.49258439761065154,0.9739330018936014,21,51,LightGBM,lightgbm,class_weight
0.002402693723513892,0.4706313346576157,0.0,0.0,0.0,0.48703544771267326,0.971502872379204,22,52,LightGBM,lightgbm,class_weight
0.0024950176420868104,0.46439492288922957,0.002583979328165375,0.038461538461538464,0.004842615012106538,0.49177970427473433,0.9761492891121282,23,52,LightGBM,lightgbm,class_weight
0.0030290543619358895,0.489481828917321,0.00395778364116095,0.057692307692307696,0.007407407407407408,0.49329943847258406,0.97662947545792,24,52,LightGBM,lightgbm,class_weight
0.007956916330136177,0.556304898821217,0.003740648379052369,0.058823529411764705,0.007033997655334115,0.492544074873787,0.9755434023520106,25,51,LightGBM,lightgbm,class_weight
0.0025139353817666943,0.46328799399595144,0.0023014959723820483,0.0392156862745098,0.004347826086956522,0.49028645457171743,0.9737121171213006,26,51,LightGBM,lightgbm,class_weight
0.005099112827372937,0.5222016063440422,0.002242152466367713,0.038461538461538464,0.00423728813559322,0.48991212007028984,0.9730261031649333,27,52,LightGBM,lightgbm,class_weight
0.002455274826487427,0.43734065598898864,0.0022148394241417496,0.038461538461538464,0.004188481675392671,0.48974134550607756,0.9727340036057551,28,52,LightGBM,lightgbm,class_weight
0.0026198266510660947,0.4712701770575906,0.002386634844868735,0.038461538461538464,0.0044943820224719105,0.4907580058875262,0.974457676351548,29,52,LightGBM,lightgbm,class_weight
0.0029327302433521905,0.4690777546213931,0.0011441647597254005,0.0196078431372549,0.002162162162162162,0.4891012248912724,0.9735221480747344,30,51,LightGBM,lightgbm,class_weight
0.0028579445917805433,0.5122203916385849,0.0038948393378773127,0.0784313725490196,0.0074211502782931356,0.4897673903593707,0.9696192420563339,31,51,LightGBM,lightgbm,class_weight
0.0030472456544404676,0.4558250500516157,0.004098360655737705,0.057692307692307696,0.007653061224489796,0.4937654919199213,0.9773147664202441,32,52,LightGBM,lightgbm,class_weight
0.0024303524530498526,0.45806319798542244,0.002577319587628866,0.038461538461538464,0.004830917874396135,0.49174741129349014,0.9760965088843754,33,52,LightGBM,lightgbm,class_weight
0.016136169211123156,0.47122423123846463,0.003708281829419036,0.057692307692307696,0.006968641114982578,0.4924054598012781,0.9752826846352426,34,52,LightGBM,lightgbm,class_weight
0.002538106666552125,0.44022662691874903,0.002152852529601722,0.0392156862745098,0.004081632653061225,0.48935494755248465,0.9721187370960096,35,51,LightGBM,lightgbm,class_weight
0.002752507021237981,0.44520807357152187,0.005246589716684155,0.09803921568627451,0.0099601593625498,0.4920521845611001,0.9716511360134402,36,51,LightGBM,lightgbm,class_weight
0.0028346494757081064,0.4969201637626302,0.002785515320334262,0.038461538461538464,0.005194805194805195,0.4926951325730994,0.9776249857044181,37,52,LightGBM,lightgbm,class_weight
0.0026538934954479327,0.46356643178903245,0.0013605442176870747,0.019230769230769232,0.0025412960609911056,0.4911182981171462,0.9771191488746885,38,52,LightGBM,lightgbm,class_weight
0.005566969981261164,0.47878573998185625,0.004069175991861648,0.07692307692307693,0.007729468599033816,0.49049686404725856,0.9707187408822905,39,52,LightGBM,lightgbm,class_weight
0.002490183050559228,0.468549509978342,0.0011098779134295228,0.0196078431372549,0.0021008403361344537,0.4887114758621653,0.9728056702594365,40,51,LightGBM,lightgbm,class_weight
0.0034281347834658193,0.4730625132684091,0.0011389521640091116,0.0196078431372549,0.002152852529601722,0.4890434036006611,0.9734160659975546,41,51,LightGBM,lightgbm,class_weight
0.0027857987306466082,0.4924722174429881,0.001218026796589525,0.019230769230769232,0.002290950744558992,0.4898557799737053,0.9748497948528297,42,52,LightGBM,lightgbm,class_weight
0.0026464355705314866,0.4936389479776019,0.0012594458438287153,0.019230769230769232,0.002364066193853428,0.4902499570386914,0.9755633406513319,43,52,LightGBM,lightgbm,class_weight
0.0036862529518796893,0.5056689320236494,0.005376344086021506,0.07692307692307693,0.010050251256281407,0.49483160394750325,0.9770568189039913,44,52,LightGBM,lightgbm,class_weight
0.0023702676705434737,0.4340053003868146,0.0029498525073746312,0.058823529411764705,0.0056179775280898875,0.4889736578625338,0.9698297296290344,45,51,LightGBM,lightgbm,class_weight
0.002215340883243815,0.43013615754846646,0.0011261261261261261,0.0196078431372549,0.002129925452609159,0.4888989755544746,0.9731507653080136,46,51,LightGBM,lightgbm,class_weight
0.023836521961796208,0.5278964439891138,0.0036144578313253013,0.057692307692307696,0.006802721088435374,0.49204420657439973,0.9747271281539281,47,52,LightGBM,lightgbm,class_weight
0.002671632724758133,0.4758134365126537,0.0012755102040816326,0.019230769230769232,0.0023923444976076554,0.4903964208761735,0.9758273668580973,48,52,LightGBM,lightgbm,class_weight
0.002844585845192986,0.5269271827196796,0.001002004008016032,0.019230769230769232,0.0019047619047619048,0.4873058368615429,0.9701475064342485,49,52,LightGBM,lightgbm,class_weight
0.004082655359390784,0.5317285659752642,0.0,0.0,0.0,0.4993527425946138,0.9961231499760532,0,51,LightGBM,lightgbm,custom
0.006224643768408612,0.49843270811094736,0.0,0.0,0.0,0.4993527425946138,0.9961231499760532,1,51,LightGBM,lightgbm,custom
0.00439957864782825,0.50550323380361,0.0,0.0,0.0,0.4993146164390516,0.9959964646713672,2,52,LightGBM,lightgbm,custom
0.003521822636271998,0.47721820549316485,0.0,0.0,0.0,0.4993400345212712,0.9960471668122537,3,52,LightGBM,lightgbm,custom
0.002969670595276807,0.47100476663434165,0.0,0.0,0.0,0.4993400345212712,0.9960471668122537,4,52,LightGBM,lightgbm,custom
0.013616380772541778,0.49765628815446267,0.0,0.0,0.0,0.4993400345212712,0.9960977995474516,5,51,LightGBM,lightgbm,custom
0.0056228677147771725,0.5132499703485318,0.0,0.0,0.0,0.49930190643007644,0.9960217405393322,6,51,LightGBM,lightgbm,custom
0.004497181545099511,0.525609417524322,0.0,0.0,0.0,0.49932732580276684,0.9960218163853204,7,52,LightGBM,lightgbm,custom
0.002541222911461545,0.44184823411643254,0.0,0.0,0.0,0.49930190643007644,0.9959711116702965,8,52,LightGBM,lightgbm,custom
0.0033026601374247164,0.49067250993211753,0.0,0.0,0.0,0.49932732580276684,0.9960218163853204,9,52,LightGBM,lightgbm,custom
0.003918578777495354,0.5097765126484691,0.0,0.0,0.0,0.4993400345212712,0.9960977995474516,10,51,LightGBM,lightgbm,custom
0.014006647161130833,0.495494970213979,0.0,0.0,0.0,0.4993400345212712,0.9960977995474516,11,51,LightGBM,lightgbm,custom
0.0034071327898830923,0.5010259603653768,0.0,0.0,0.0,0.4993400345212712,0.9960471668122537,12,52,LightGBM,lightgbm,custom
0.0029111603189417266,0.47645032377138924,0.0,0.0,0.0,0.4993400345212712,0.9960471668122537,13,52,LightGBM,lightgbm,custom
0.0023871447964167788,0.4377834954797134,0.0,0.0,0.0,0.49930190643007644,0.9959711116702965,14,52,LightGBM,lightgbm,custom
0.0035200617880921,0.4805715607037813,0.0,0.0,0.0,0.4993400345212712,0.9960977995474516,15,51,LightGBM,lightgbm,custom
0.002203029781088302,0.42106430332006745,0.0,0.0,0.0,0.4993527425946138,0.9961231499760532,16,51,LightGBM,lightgbm,custom
0.002855823008744659,0.5221097147057904,0.0,0.0,0.0,0.49932732580276684,0.9960218163853204,17,52,LightGBM,lightgbm,custom
0.003398621104234627,0.5009648622016455,0.0,0.0,0.0,0.49932732580276684,0.9960218163853204,18,52,LightGBM,lightgbm,custom
0.006175141054282273,0.5313785505364907,0.0,0.0,0.0,0.4993400345212712,0.9960471668122537,19,52,LightGBM,lightgbm,custom
0.003534755288169918,0.5143154298266859,0.0,0.0,0.0,0.49932732580276684,0.9960724478318629,20,51,LightGBM,lightgbm,custom
0.010555059102049279,0.5407152033791711,0.0,0.0,0.0,0.4993527425946138,0.9961231499760532,21,51,LightGBM,lightgbm,custom
0.0032515128969028465,0.52826938718053,0.0,0.0,0.0,0.49932732580276684,0.9960218163853204,22,52,LightGBM,lightgbm,custom
0.002629168882152819,0.4546426783870867,0.0,0.0,0.0,0.4993146164390516,0.9959964646713672,23,52,LightGBM,lightgbm,custom
0.0042248861118176105,0.4547052429067476,0.0,0.0,0.0,0.49932732580276684,0.9960218163853204,24,52,LightGBM,lightgbm,custom
0.00977257067618398,0.5391045555618679,0.0,0.0,0.0,0.49928919577579206,0.9959963849621941,25,51,LightGBM,lightgbm,custom
0.0023477341907204873,0.4600831437134403,0.0,0.0,0.0,0.4993400345212712,0.9960977995474516,26,51,LightGBM,lightgbm,custom
0.00359280510669899,0.5232661807488973,0.0,0.0,0.0,0.4993400345212712,0.9960471668122537,27,52,LightGBM,lightgbm,custom
0.0025438112424178167,0.43799709466011827,0.0,0.0,0.0,0.49932732580276684,0.9960218163853204,28,52,LightGBM,lightgbm,custom
0.0025092741823730517,0.4641788797822755,0.0,0.0,0.0,0.4993400345212712,0.9960471668122537,29,52,LightGBM,lightgbm,custom
0.002663663222425827,0.4810559510745792,0.0,0.0,0.0,0.4993400345212712,0.9960977995474516,30,51,LightGBM,lightgbm,custom
0.0039911986577380165,0.5887964294648882,0.0,0.0,0.0,0.4993146164390516,0.9960470948291891,31,51,LightGBM,lightgbm,custom
0.0032072651589763433,0.49953760909688116,0.0,0.0,0.0,0.4993146164390516,0.9959964646713672,32,52,LightGBM,lightgbm,custom
0.0021312449283839904,0.42261355460318456,0.0,0.0,0.0,0.49932732580276684,0.9960218163853204,33,52,LightGBM,lightgbm,custom
0.007762446058597527,0.5092556386273345,0.0,0.0,0.0,0.4993400345212712,0.9960471668122537,34,52,LightGBM,lightgbm,custom
0.0023134783803295303,0.41300458576151455,0.0,0.0,0.0,0.4993527425946138,0.9961231499760532,35,51,LightGBM,lightgbm,custom
0.0030193347607082614,0.500024418856141,0.0,0.0,0.0,0.4993400345212712,0.9960977995474516,36,51,LightGBM,lightgbm,custom
0.0032853654538234174,0.4703165569180717,0.0,0.0,0.0,0.49927648447614936,0.9959204018064094,37,52,LightGBM,lightgbm,custom
0.01264679131899971,0.471639209966528,0.5,0.019230769230769232,0.037037037037037035,0.5178585195339016,0.996144743757613,38,52,LightGBM,lightgbm,custom
0.003988346489096424,0.5493032854193387,0.0,0.0,0.0,0.4993400345212712,0.9960471668122537,39,52,LightGBM,lightgbm,custom
0.0029976755656661276,0.5049355990045081,0.0,0.0,0.0,0.4993400345212712,0.9960977995474516,40,51,LightGBM,lightgbm,custom
0.005024467683768648,0.46993739802635837,0.0,0.0,0.0,0.49932732580276684,0.9960724478318629,41,51,LightGBM,lightgbm,custom
0.0025847209025810242,0.49161830950667884,0.0,0.0,0.0,0.4993400345212712,0.9960471668122537,42,52,LightGBM,lightgbm,custom
0.003281802082202162,0.5146919088434948,0.0,0.0,0.0,0.4993400345212712,0.9960471668122537,43,52,LightGBM,lightgbm,custom
0.004143981886914888,0.5045818734945413,0.0,0.0,0.0,0.49932732580276684,0.9960218163853204,44,52,LightGBM,lightgbm,custom
0.0024836085976134587,0.4724266263207362,0.0,0.0,0.0,0.4993400345212712,0.9960977995474516,45,51,LightGBM,lightgbm,custom
0.0024426349471574423,0.4401892511185331,0.0,0.0,0.0,0.49932732580276684,0.9960724478318629,46,51,LightGBM,lightgbm,custom
0.005652891349916547,0.5178387086683142,0.0,0.0,0.0,0.4993400345212712,0.9960471668122537,47,52,LightGBM,lightgbm,custom
0.003063768999605152,0.5121595121531579,0.0,0.0,0.0,0.4993146164390516,0.9959964646713672,48,52,LightGBM,lightgbm,custom
0.0034523184316097933,0.4857626614946664,0.0,0.0,0.0,0.4993400345212712,0.9960471668122537,49,52,LightGBM,lightgbm,custom
0.022674927477717224,0.5395161877082455,0.005249343832020997,0.0392156862745098,0.009259259259259259,0.49914470036983877,0.9864967651372182,0,51,LightGBM,lightgbm,smote_class_weight
0.0035628982790348344,0.4889940726964298,0.004975124378109453,0.0392156862745098,0.008830022075055188,0.49865786268517476,0.9859526248252967,1,51,LightGBM,lightgbm,smote_class_weight
0.007468147868599229,0.49285004848750275,0.002079002079002079,0.019230769230769232,0.00375234521575985,0.4950536106137902,0.9837643603151365,2,52,LightGBM,lightgbm,smote_class_weight
0.007779398503770694,0.49687910579660277,0.0056657223796034,0.038461538461538464,0.009876543209876543,0.4998029080314424,0.987146006682787,3,52,LightGBM,lightgbm,smote_class_weight
0.0026802257435877873,0.4441377045077736,0.002173913043478261,0.019230769230769232,0.00390625,0.49540391604170947,0.9843100308124629,4,52,LightGBM,lightgbm,smote_class_weight
0.009412631870667498,0.49385242838049165,0.003795066413662239,0.0392156862745098,0.006920415224913495,0.49607662129910457,0.982703222170519,5,51,LightGBM,lightgbm,smote_class_weight
0.002964390157912309,0.4678488383102949,0.004878048780487805,0.0392156862745098,0.008676789587852495,0.49847746679228466,0.9857452059986002,6,51,LightGBM,lightgbm,smote_class_weight
0.0031052642649810384,0.5330736579910533,0.0041841004184100415,0.038461538461538464,0.007547169811320755,0.49701578645764144,0.983903550531907,7,52,LightGBM,lightgbm,smote_class_weight
0.0028296404624558145,0.46809502768479994,0.002288329519450801,0.019230769230769232,0.00408997955010225,0.49579482934998886,0.9849070354478278,8,52,LightGBM,lightgbm,smote_class_weight
0.004606630751222052,0.4974773790158601,0.008174386920980926,0.057692307692307696,0.014319809069212411,0.5018689670265993,0.9868473932648844,9,52,LightGBM,lightgbm,smote_class_weight
0.004680598848300571,0.49059525197767817,0.006,0.058823529411764705,0.010889292196007259,0.4984389644258952,0.9834673394256347,10,51,LightGBM,lightgbm,smote_class_weight
0.024120600811449427,0.4932444486969799,0.008888888888888889,0.0784313725490196,0.015968063872255488,0.5016549180120772,0.9848301082337148,11,51,LightGBM,lightgbm,smote_class_weight
0.0032121490213917452,0.48955514671379863,0.004728132387706856,0.038461538461538464,0.008421052631578947,0.49816788140777624,0.985332390664975,12,52,LightGBM,lightgbm,smote_class_weight
0.002548751297275757,0.4765759415960209,0.002127659574468085,0.019230769230769232,0.0038314176245210726,0.49523636852556274,0.9840502570207177,13,52,LightGBM,lightgbm,smote_class_weight
0.0023237656752294195,0.4479169925235399,0.0029585798816568047,0.019230769230769232,0.005128205128205128,0.4975971303689057,0.9874693831179701,14,52,LightGBM,lightgbm,smote_class_weight
0.0038087058258349225,0.47808831253743805,0.008241758241758242,0.058823529411764705,0.014457831325301205,0.5019897590515779,0.9870004813110081,15,51,LightGBM,lightgbm,smote_class_weight
0.0023099482219007257,0.425677972098716,0.003436426116838488,0.0392156862745098,0.00631911532385466,0.4950570199831949,0.9812674826289856,16,51,LightGBM,lightgbm,smote_class_weight
0.0028740306313258137,0.5225833476710356,0.0,0.0,0.0,0.49332100287710645,0.9840408404581665,17,52,LightGBM,lightgbm,smote_class_weight
0.0031843992273491353,0.49590300153283073,0.0021691973969631237,0.019230769230769232,0.003898635477582846,0.49538709865570424,0.9842840590873987,18,52,LightGBM,lightgbm,smote_class_weight
0.006006762383033885,0.4993010370069134,0.008522727272727272,0.057692307692307696,0.01485148514851485,0.5023289287232175,0.987236018711844,19,52,LightGBM,lightgbm,smote_class_weight
0.0035139336802574345,0.5116936420275424,0.004796163069544364,0.0392156862745098,0.008547008547008548,0.49832173413497166,0.985563655930095,20,51,LightGBM,lightgbm,smote_class_weight
0.02292926401985419,0.5370448997979713,0.00625,0.058823529411764705,0.011299435028248588,0.49890459327535974,0.9839881673538841,21,51,LightGBM,lightgbm,smote_class_weight
0.0027152080470217365,0.5040774470547753,0.0,0.0,0.0,0.4934381179854637,0.9842744531545368,22,52,LightGBM,lightgbm,smote_class_weight
0.0024860799722749103,0.44639344871273506,0.0042643923240938165,0.038461538461538464,0.007677543186180422,0.4971981365582815,0.9841376032973111,23,52,LightGBM,lightgbm,smote_class_weight
0.012271535475499822,0.46075689382801016,0.005714285714285714,0.038461538461538464,0.009950248756218905,0.4998785715942135,0.9872236179378281,24,52,LightGBM,lightgbm,smote_class_weight
0.01378298102950728,0.5485192704642474,0.005012531328320802,0.0392156862745098,0.008888888888888889,0.4987262024833182,0.9860303886194922,25,51,LightGBM,lightgbm,smote_class_weight
0.0023926856023109623,0.4611854806478073,0.002386634844868735,0.0196078431372549,0.00425531914893617,0.49612427304873563,0.9854495931370476,26,51,LightGBM,lightgbm,smote_class_weight
0.003964078667681828,0.5210466066568649,0.006980802792321117,0.07692307692307693,0.0128,0.49845367951987224,0.9815466217313858,27,52,LightGBM,lightgbm,smote_class_weight
0.0025186008573513637,0.445119185409954,0.0025188916876574307,0.019230769230769232,0.004454342984409799,0.496496255314867,0.9859437466920506,28,52,LightGBM,lightgbm,smote_class_weight
0.0028076906271387947,0.4674263693809241,0.0018484288354898336,0.019230769230769232,0.003372681281618887,0.4940811418246983,0.982202212391278,29,52,LightGBM,lightgbm,smote_class_weight
0.002557146222256862,0.4906341228099027,0.0027247956403269754,0.0196078431372549,0.004784688995215311,0.49706311057498404,0.9867957808365042,30,51,LightGBM,lightgbm,smote_class_weight
0.004053712046315974,0.5424125630529749,0.007228915662650603,0.058823529411764705,0.012875536480686695,0.5005376091925777,0.9856778034104201,31,51,LightGBM,lightgbm,smote_class_weight
0.0030124392526009033,0.4876694129883943,0.002188183807439825,0.019230769230769232,0.003929273084479371,0.4954544539489527,0.984387938463299,32,52,LightGBM,lightgbm,smote_class_weight
0.0022207937895859595,0.4407044764913818,0.0,0.0,0.0,0.49256496012348855,0.9825327413860542,33,52,LightGBM,lightgbm,smote_class_weight
0.012705694186866356,0.49191109190727933,0.004914004914004914,0.038461538461538464,0.008714596949891068,0.49852231937827723,0.985747401209799,34,52,LightGBM,lightgbm,smote_class_weight
0.00242287143499311,0.43141141985183235,0.0024154589371980675,0.0196078431372549,0.004301075268817204,0.4962120516276877,0.9855791768616038,35,51,LightGBM,lightgbm,smote_class_weight
0.0030342667761187932,0.47343926133458514,0.005291005291005291,0.0392156862745098,0.009324009324009324,0.4992159399243128,0.9865744606218972,36,51,LightGBM,lightgbm,smote_class_weight
0.005266706734417507,0.47042164575968975,0.0048543689320388345,0.038461538461538464,0.008620689655172414,0.49841048847626257,0.9856177412074423,37,52,LightGBM,lightgbm,smote_class_weight
0.0066788178428534685,0.47383776629023683,0.004597701149425287,0.038461538461538464,0.008213552361396304,0.49790826998219195,0.9850209428538208,38,52,LightGBM,lightgbm,smote_class_weight
0.0051865772096194255,0.4930934635718084,0.0057251908396946565,0.057692307692307696,0.010416666666666666,0.4978765778280853,0.9827662278477078,39,52,LightGBM,lightgbm,smote_class_weight
0.0026965524948722513,0.49281138775847855,0.0,0.0,0.0,0.4930475235818747,0.9835453185384527,40,51,LightGBM,lightgbm,smote_class_weight
0.005511605794956164,0.47065002995047456,0.0057361376673040155,0.058823529411764705,0.010452961672473868,0.4979208266714996,0.9828678174954139,41,51,LightGBM,lightgbm,smote_class_weight
0.002425011047810766,0.4687949682485063,0.0022624434389140274,0.019230769230769232,0.004048582995951417,0.4957091505625134,0.9847773079168,42,52,LightGBM,lightgbm,smote_class_weight
0.0031949133450503864,0.47572936543935934,0.0024937655860349127,0.019230769230769232,0.004415011037527594,0.4964247128530374,0.9858401635537221,43,52,LightGBM,lightgbm,smote_class_weight
0.00604996488654567,0.5365948673632184,0.006430868167202572,0.038461538461538464,0.011019283746556474,0.5009170871847788,0.9882317750502179,44,52,LightGBM,lightgbm,smote_class_weight
0.002401979404240988,0.45755952968286384,0.001968503937007874,0.0196078431372549,0.0035778175313059034,0.4946275006553904,0.9831377867160671,45,51,LightGBM,lightgbm,smote_class_weight
0.0026004796858006855,0.4585313004884768,0.004830917874396135,0.0392156862745098,0.008602150537634409,0.49838824146946875,0.9856414698341236,46,51,LightGBM,lightgbm,smote_class_weight
0.010579563310575973,0.5366950683517377,0.007894736842105263,0.057692307692307696,0.013888888888888888,0.5014851456952134,0.9865104224413139,47,52,LightGBM,lightgbm,smote_class_weight
0.004250493124601115,0.49122483733224886,0.0026041666666666665,0.019230769230769232,0.0045871559633027525,0.4967311869224901,0.9862802584809598,48,52,LightGBM,lightgbm,smote_class_weight
0.004479176071515916,0.5034366495135608,0.005479452054794521,0.038461538461538464,0.009592326139088728,0.4995054966761648,0.98683547061337,49,52,LightGBM,lightgbm,smote_class_weight
0.007681091133037643,0.5731504211505168,0.0,0.0,0.0,0.4993527425946138,0.9961231499760532,0,51,CatBoost,catboost,none
0.00685384148421736,0.6099321953149683,0.0,0.0,0.0,0.4993527425946138,0.9961231499760532,1,51,CatBoost,catboost,none
0.006731790084877025,0.5298051506240811,0.0,0.0,0.0,0.4993400345212712,0.9960471668122537,2,52,CatBoost,catboost,none
0.009370773512745578,0.4945793709137548,0.0,0.0,0.0,0.4993400345212712,0.9960471668122537,3,52,CatBoost,catboost,none
0.004302793473603894,0.5471404104232489,0.0,0.0,0.0,0.4993400345212712,0.9960471668122537,4,52,CatBoost,catboost,none
0.011826975452092103,0.6098200679143208,0.0,0.0,0.0,0.4993527425946138,0.9961231499760532,5,51,CatBoost,catboost,none
0.0054398914001661395,0.5470312152716523,0.0,0.0,0.0,0.4993527425946138,0.9961231499760532,6,51,CatBoost,catboost,none
0.005435855128903399,0.5874471134294741,0.0,0.0,0.0,0.4993400345212712,0.9960471668122537,7,52,CatBoost,catboost,none
0.004034558852682866,0.5078239864547816,0.0,0.0,0.0,0.4993400345212712,0.9960471668122537,8,52,CatBoost,catboost,none
0.004492593844448656,0.4814916554571902,0.0,0.0,0.0,0.4993400345212712,0.9960471668122537,9,52,CatBoost,catboost,none
0.004377810382051578,0.5259682076459924,0.0,0.0,0.0,0.4993527425946138,0.9961231499760532,10,51,CatBoost,catboost,none
0.013542845344314434,0.5745657181186916,0.0,0.0,0.0,0.4993527425946138,0.9961231499760532,11,51,CatBoost,catboost,none
0.007275498442629906,0.5526641732098727,0.0,0.0,0.0,0.4993400345212712,0.9960471668122537,12,52,CatBoost,catboost,none
0.005880561779337398,0.5505457776769794,0.0,0.0,0.0,0.4993400345212712,0.9960471668122537,13,52,CatBoost,catboost,none
0.0033014267766255743,0.5304918939844214,0.0,0.0,0.0,0.4993400345212712,0.9960471668122537,14,52,CatBoost,catboost,none
0.006708615846949,0.5203115048693192,0.0,0.0,0.0,0.4993527425946138,0.9961231499760532,15,51,CatBoost,catboost,none
0.004572619137896092,0.5528932357775114,0.0,0.0,0.0,0.4993527425946138,0.9961231499760532,16,51,CatBoost,catboost,none
0.004456921119852875,0.5987610269965902,0.0,0.0,0.0,0.4993400345212712,0.9960471668122537,17,52,CatBoost,catboost,none
0.004627287254201732,0.5222060054118309,0.0,0.0,0.0,0.4993400345212712,0.9960471668122537,18,52,CatBoost,catboost,none
0.005499831972030335,0.5472337684174304,0.0,0.0,0.0,0.4993400345212712,0.9960471668122537,19,52,CatBoost,catboost,none
0.008387733516672281,0.645089866374039,0.0,0.0,0.0,0.4993527425946138,0.9961231499760532,20,51,CatBoost,catboost,none
0.005024316014799222,0.5248833127517261,0.0,0.0,0.0,0.4993527425946138,0.9961231499760532,21,51,CatBoost,catboost,none
0.004274484618333105,0.5566389753495793,0.0,0.0,0.0,0.4993400345212712,0.9960471668122537,22,52,CatBoost,catboost,none
0.0055663367907727,0.5817860019707823,0.0,0.0,0.0,0.4993400345212712,0.9960471668122537,23,52,CatBoost,catboost,none
0.00947017101935717,0.5310398223167642,0.0,0.0,0.0,0.4993400345212712,0.9960471668122537,24,52,CatBoost,catboost,none
0.005399286896776229,0.5739672069712346,0.0,0.0,0.0,0.4993527425946138,0.9961231499760532,25,51,CatBoost,catboost,none
0.0042254841898639005,0.49940896401258617,0.0,0.0,0.0,0.4993527425946138,0.9961231499760532,26,51,CatBoost,catboost,none
0.006725863280705235,0.5893426228610754,0.0,0.0,0.0,0.4993400345212712,0.9960471668122537,27,52,CatBoost,catboost,none
0.00608377097375477,0.5214923788594488,0.0,0.0,0.0,0.4993400345212712,0.9960471668122537,28,52,CatBoost,catboost,none
0.003994816985352585,0.523168912472237,0.0,0.0,0.0,0.4993400345212712,0.9960471668122537,29,52,CatBoost,catboost,none
0.0039266001654498775,0.5007609712923954,0.0,0.0,0.0,0.4993527425946138,0.9961231499760532,30,51,CatBoost,catboost,none
0.011205824989577317,0.6789179556334302,0.0,0.0,0.0,0.4993527425946138,0.9961231499760532,31,51,CatBoost,catboost,none
0.004402566929567763,0.5413649232020521,0.0,0.0,0.0,0.4993400345212712,0.9960471668122537,32,52,CatBoost,catboost,none
0.0034049325297867677,0.5213589404698595,0.0,0.0,0.0,0.4993400345212712,0.9960471668122537,33,52,CatBoost,catboost,none
0.006253147204044722,0.5381213438858823,0.0,0.0,0.0,0.4993400345212712,0.9960471668122537,34,52,CatBoost,catboost,none
0.0033099242152054833,0.5172282505235104,0.0,0.0,0.0,0.4993527425946138,0.9961231499760532,35,51,CatBoost,catboost,none
0.005382665129835091,0.554604050739393,0.0,0.0,0.0,0.4993527425946138,0.9961231499760532,36,51,CatBoost,catboost,none
0.003898786776962991,0.5223110942534489,0.0,0.0,0.0,0.4993400345212712,0.9960471668122537,37,52,CatBoost,catboost,none
0.007075711857668053,0.5284976499202303,0.0,0.0,0.0,0.4993400345212712,0.9960471668122537,38,52,CatBoost,catboost,none
0.011053174890472878,0.610704984828104,0.0,0.0,0.0,0.4993400345212712,0.9960471668122537,39,52,CatBoost,catboost,none
0.004184418307587569,0.5711994043792477,0.0,0.0,0.0,0.4993527425946138,0.9961231499760532,40,51,CatBoost,catboost,none
0.00894322205396372,0.5238248300896122,0.0,0.0,0.0,0.4993527425946138,0.9961231499760532,41,51,CatBoost,catboost,none
0.0037626267155574005,0.5573350056308068,0.0,0.0,0.0,0.4993400345212712,0.9960471668122537,42,52,CatBoost,catboost,none
0.005832207652783861,0.5849694606938405,0.0,0.0,0.0,0.4993400345212712,0.9960471668122537,43,52,CatBoost,catboost,none
0.006522928618074748,0.5299635170644728,0.0,0.0,0.0,0.4993400345212712,0.9960471668122537,44,52,CatBoost,catboost,none
0.004061520917185622,0.5377689936341536,0.0,0.0,0.0,0.4993527425946138,0.9961231499760532,45,51,CatBoost,catboost,none
0.00406507979481519,0.5037126628214443,0.0,0.0,0.0,0.4993527425946138,0.9961231499760532,46,51,CatBoost,catboost,none
0.006386211052072393,0.5683434283792661,0.0,0.0,0.0,0.4993400345212712,0.9960471668122537,47,52,CatBoost,catboost,none
0.005671223817001936,0.6274018910126068,0.0,0.0,0.0,0.4993400345212712,0.9960471668122537,48,52,CatBoost,catboost,none
0.005835703128582401,0.5738579042450027,0.0,0.0,0.0,0.4993400345212712,0.9960471668122537,49,52,CatBoost,catboost,none
0.02245151753817799,0.5147529758612133,0.002631578947368421,0.13725490196078433,0.005164146071560309,0.46587521074435734,0.9242037704183393,0,51,CatBoost,catboost,class_weight
0.004534068058663644,0.5352498646996032,0.005567928730512249,0.29411764705882354,0.01092896174863388,0.46847840344195446,0.9236616900423568,1,51,CatBoost,catboost,class_weight
0.005109662504907671,0.5262062243876497,0.0032954961552544857,0.17307692307692307,0.0064678404599353215,0.4655276608545415,0.9221669670876673,2,52,CatBoost,catboost,class_weight
0.004978565096294191,0.501618368160916,0.002365930599369085,0.11538461538461539,0.00463678516228748,0.46737536490887027,0.9276740332635627,3,52,CatBoost,catboost,class_weight
0.002371113687441561,0.449272882973066,0.0008156606851549756,0.038461538461538464,0.001597444089456869,0.4669637285410472,0.9298762463335944,4,52,CatBoost,catboost,class_weight
0.0037872958464379635,0.5290968112960631,0.0017661603673613563,0.09803921568627451,0.0034698126301179735,0.46246345195855293,0.9190834677212051,5,51,CatBoost,catboost,class_weight
0.004547583632407739,0.49061717911380487,0.003091721058055651,0.17647058823529413,0.006076975016880486,0.46269424588151487,0.9169501822486744,6,51,CatBoost,catboost,class_weight
0.0031937330936003456,0.5132622118121813,0.0028536485935589076,0.1346153846153846,0.005588822355289421,0.46908031107749043,0.9301279184963499,7,52,CatBoost,catboost,class_weight
0.0032872194338999846,0.4439808044233115,0.0012610340479192938,0.057692307692307696,0.0024681201151789387,0.46847883948325875,0.9320323942389738,8,52,CatBoost,catboost,class_weight
0.003888341325137567,0.5279668290737323,0.0030698388334612432,0.15384615384615385,0.006019563581640331,0.46710328546029556,0.9257558216222919,9,52,CatBoost,catboost,class_weight
0.0036074917985694666,0.5113173923053693,0.0036991368680641184,0.17647058823529413,0.007246376811594203,0.47026640883648646,0.9308919953499947,10,51,CatBoost,catboost,class_weight
0.02289760794244693,0.5357990397907753,0.003849114703618168,0.19607843137254902,0.007550018875047188,0.4680539300603666,0.9261764075131317,11,51,CatBoost,catboost,class_weight
0.005118135289229028,0.5332603739794163,0.003787878787878788,0.21153846153846154,0.007442489851150203,0.4635206530150194,0.9171940235927475,12,52,CatBoost,catboost,class_weight
0.003020335985158954,0.5075659078111804,0.002529815684857246,0.1346153846153846,0.004966300106420717,0.46419381646506985,0.920999934440972,13,52,CatBoost,catboost,class_weight
0.0025531531061789444,0.46835359511371105,0.0012427506213753107,0.057692307692307696,0.0024330900243309003,0.4679571215088395,0.9310265545714058,14,52,CatBoost,catboost,class_weight
0.007342919978383313,0.4929030830550083,0.002294455066921606,0.11764705882352941,0.00450112528132033,0.46617313346334516,0.9254576672570833,15,51,CatBoost,catboost,class_weight
0.0027465164244602006,0.4938932925887277,0.0026985350809560524,0.13725490196078433,0.005293005671077505,0.4669021341699408,0.9261241134542998,16,51,CatBoost,catboost,class_weight
0.002929181716039118,0.5372092704977007,0.002669717772692601,0.1346153846153846,0.005235602094240838,0.4664509440285747,0.9252344062447392,17,52,CatBoost,catboost,class_weight
0.003677588801226778,0.4731016556136015,0.003432494279176201,0.17307692307692307,0.006731488406881077,0.46725327343605055,0.9253468357090331,18,52,CatBoost,catboost,class_weight
0.009819322642530175,0.5175713431038258,0.004106776180698152,0.19230769230769232,0.008041817450743867,0.47064789392598877,0.9308147576678415,19,52,CatBoost,catboost,class_weight
0.004250644339337148,0.5082944375839087,0.003654970760233918,0.19607843137254902,0.007176175098672408,0.46585043718518904,0.9221527273221607,20,51,CatBoost,catboost,class_weight
0.016872042589521883,0.4932838178732074,0.002451982018798529,0.11764705882352941,0.004803843074459567,0.4687618674100309,0.9303205955337674,21,51,CatBoost,catboost,class_weight
0.002742133534629361,0.4980717419526387,0.002911208151382824,0.15384615384615385,0.005714285714285714,0.4648741697071756,0.921613011926832,22,52,CatBoost,catboost,class_weight
0.0027314326065888232,0.49192917696374383,0.0021249468763280916,0.09615384615384616,0.004158004158004158,0.4697517067735463,0.9328904436077046,23,52,CatBoost,catboost,class_weight
0.004624830238349904,0.4850319274564394,0.0029106029106029108,0.1346153846153846,0.005698005698005698,0.46982745706759654,0.9315096633072727,24,52,CatBoost,catboost,class_weight
0.007244952587774487,0.5130919952996194,0.0027944111776447107,0.13725490196078433,0.005477308294209703,0.46828674045307905,0.9287028161893058,25,51,CatBoost,catboost,class_weight
0.0031222362137851845,0.5074612064110959,0.0034220532319391636,0.17647058823529413,0.006713912719134651,0.4671424161468766,0.9251898758030901,26,51,CatBoost,catboost,class_weight
0.0033863618656864536,0.5325716754778366,0.002663622526636225,0.1346153846153846,0.0052238805970149255,0.46635758868841176,0.9250598474976394,27,52,CatBoost,catboost,class_weight
0.002853599995602695,0.43421340757656335,0.0020325203252032522,0.09615384615384616,0.003980891719745223,0.46812105014837163,0.9298139069912864,28,52,CatBoost,catboost,class_weight
0.0032612032924153513,0.5194028216598366,0.003850596842510589,0.19230769230769232,0.007550018875047188,0.4680539300603666,0.9261297127340621,29,52,CatBoost,catboost,class_weight
0.003260239793252276,0.4872872444865711,0.002460456942003515,0.13725490196078433,0.004834254143646409,0.46299383970040714,0.9187841148877304,30,51,CatBoost,catboost,class_weight
0.005621334382532551,0.5653842282096593,0.004758128469468675,0.23529411764705882,0.009327633113097552,0.470101104692142,0.9284917485434909,31,51,CatBoost,catboost,class_weight
0.0036093134475209416,0.5021956236118498,0.0027226760015558148,0.1346153846153846,0.00533739992375143,0.46724439582066735,0.9267158650711991,32,52,CatBoost,catboost,class_weight
0.0028565304678812194,0.5073083179528889,0.0032620514679231605,0.17307692307692307,0.0064034151547491995,0.4650845036578397,0.9213470749633882,33,52,CatBoost,catboost,class_weight
0.018122135885241572,0.47845238840053805,0.0022935779816513763,0.11538461538461539,0.004497751124437781,0.4661422958993586,0.9253526978707614,34,52,CatBoost,catboost,class_weight
0.003626813408384645,0.4069257856144034,0.002834008097165992,0.13725490196078433,0.005553351844506148,0.46883132428253144,0.9297135173051909,35,51,CatBoost,catboost,class_weight
0.005162964344522597,0.5354118265005388,0.0026656511805026656,0.13725490196078433,0.005229734777736272,0.4664042666437157,0.9251938967529353,36,51,CatBoost,catboost,class_weight
0.0030409152388854513,0.515703694434886,0.002506265664160401,0.11538461538461539,0.004905968928863451,0.4695628704165424,0.9317697456542356,37,52,CatBoost,catboost,class_weight
0.005045243557683552,0.45726501157443616,0.0030959752321981426,0.1346153846153846,0.0060527453523562475,0.4720717476593476,0.9356335416799909,38,52,CatBoost,catboost,class_weight
0.004436162684934453,0.5307353090687271,0.0032131381649410924,0.17307692307692307,0.006309148264984227,0.46441977429644893,0.920114891044438,39,52,CatBoost,catboost,class_weight
0.0032711752247012353,0.4735972363834976,0.0030245746691871457,0.1568627450980392,0.005934718100890208,0.46650675826681426,0.9246970123803694,40,51,CatBoost,catboost,class_weight
0.005109229585781021,0.4802112579897002,0.0019425019425019425,0.09803921568627451,0.0038095238095238095,0.4663970629122844,0.9265923930823496,41,51,CatBoost,catboost,class_weight
0.0029714173725976446,0.511549996871774,0.002717391304347826,0.1346153846153846,0.00532724505327245,0.467166610033426,0.9265708049690685,42,52,CatBoost,catboost,class_weight
0.003740521783540165,0.5305984491819689,0.003616636528028933,0.19230769230769232,0.007099751508697196,0.46537182983695624,0.921227547581858,43,52,CatBoost,catboost,class_weight
0.006364611261918722,0.49819687099196047,0.0034403669724770644,0.17307692307692307,0.006746626686656672,0.4673482997489836,0.9255213288243666,44,52,CatBoost,catboost,class_weight
0.002845280195360835,0.4387899011584505,0.0022010271460014674,0.11764705882352941,0.004321209938782859,0.4644605149800265,0.9222202718001078,45,51,CatBoost,catboost,class_weight
0.002337313748122023,0.44275871279737433,0.0025983667409057165,0.13725490196078433,0.005100182149362477,0.4653460478084632,0.9232118141825696,46,51,CatBoost,catboost,class_weight
0.008005627116821944,0.5330770794882222,0.0024330900243309003,0.1346153846153846,0.004779788323659952,0.4624791627617369,0.9177651963489943,47,52,CatBoost,catboost,class_weight
0.0034531885292602604,0.5393472174429881,0.0029239766081871343,0.1346153846153846,0.005723630417007359,0.4699987267268,0.9318258099552593,48,52,CatBoost,catboost,class_weight
0.0031624836264113497,0.5046141333249914,0.003429878048780488,0.17307692307692307,0.006726457399103139,0.46722159919884454,0.9252886587258637,49,52,CatBoost,catboost,class_weight
